/bin/sh: 1: git: not found
TARGET:      pcsx_rearmed_libretro_qnx.so
platform:    qnx
ARCH:        arm
DYNAREC:     ari64
BUILTIN_GPU: neon
NEON_ASM:    1
CC:          arm-unknown-nto-qnx6.5.0eabi-gcc : arm-unknown-nto-qnx6.5.0eabi-gcc (GCC) 4.9.4
CFLAGS:       -D__BLACKBERRY_QNX__ -marm -mcpu=cortex-a9 -mtune=cortex-a9 -mfpu=neon -mfloat-abi=softfp -fno-tree-vectorize -DDR_FLAC_NO_SIMD -fPIC -D_FILE_OFFSET_BITS=64 
MAIN_LDLIBS: -lsocket    

arm-unknown-nto-qnx6.5.0eabi-gcc   -D__BLACKBERRY_QNX__ -marm -mcpu=cortex-a9 -mtune=cortex-a9 -mfpu=neon -mfloat-abi=softfp -fno-tree-vectorize -DDR_FLAC_NO_SIMD -fPIC -D_FILE_OFFSET_BITS=64  -Wall -Iinclude -ffast-math -Ofast -DNDEBUG -ffunction-sections -fdata-sections -DP_HAVE_MMAP=1 -DP_HAVE_POSIX_MEMALIGN=1 -DDISABLE_MEM_LUTS=0 -DGPU_NEON -DHAVE_CHD -Ideps/libchdr/include -Ideps/libchdr/deps/miniz-3.1.1 -DUSE_MINIZ -DHAVE_LIBRETRO -Ideps/libretro-common/include -DNO_FRONTEND  -Wno-unused-function -MMD -MP -c libpcsxcore/cdriso.c -o libpcsxcore/cdriso.o
arm-unknown-nto-qnx6.5.0eabi-gcc   -D__BLACKBERRY_QNX__ -marm -mcpu=cortex-a9 -mtune=cortex-a9 -mfpu=neon -mfloat-abi=softfp -fno-tree-vectorize -DDR_FLAC_NO_SIMD -fPIC -D_FILE_OFFSET_BITS=64  -Wall -Iinclude -ffast-math -Ofast -DNDEBUG -ffunction-sections -fdata-sections -DP_HAVE_MMAP=1 -DP_HAVE_POSIX_MEMALIGN=1 -DDISABLE_MEM_LUTS=0 -DGPU_NEON -DHAVE_CHD -Ideps/libchdr/include -Ideps/libchdr/deps/miniz-3.1.1 -DUSE_MINIZ -DHAVE_LIBRETRO -Ideps/libretro-common/include -DNO_FRONTEND  -MMD -MP -c libpcsxcore/cdrom.c -o libpcsxcore/cdrom.o
arm-unknown-nto-qnx6.5.0eabi-gcc   -D__BLACKBERRY_QNX__ -marm -mcpu=cortex-a9 -mtune=cortex-a9 -mfpu=neon -mfloat-abi=softfp -fno-tree-vectorize -DDR_FLAC_NO_SIMD -fPIC -D_FILE_OFFSET_BITS=64  -Wall -Iinclude -ffast-math -Ofast -DNDEBUG -ffunction-sections -fdata-sections -DP_HAVE_MMAP=1 -DP_HAVE_POSIX_MEMALIGN=1 -DDISABLE_MEM_LUTS=0 -DGPU_NEON -DHAVE_CHD -Ideps/libchdr/include -Ideps/libchdr/deps/miniz-3.1.1 -DUSE_MINIZ -DHAVE_LIBRETRO -Ideps/libretro-common/include -DNO_FRONTEND  -DUSE_ASYNC_CDROM -MMD -MP -c libpcsxcore/cdrom-async.c -o libpcsxcore/cdrom-async.o
arm-unknown-nto-qnx6.5.0eabi-gcc   -D__BLACKBERRY_QNX__ -marm -mcpu=cortex-a9 -mtune=cortex-a9 -mfpu=neon -mfloat-abi=softfp -fno-tree-vectorize -DDR_FLAC_NO_SIMD -fPIC -D_FILE_OFFSET_BITS=64  -Wall -Iinclude -ffast-math -Ofast -DNDEBUG -ffunction-sections -fdata-sections -DP_HAVE_MMAP=1 -DP_HAVE_POSIX_MEMALIGN=1 -DDISABLE_MEM_LUTS=0 -DGPU_NEON -DHAVE_CHD -Ideps/libchdr/include -Ideps/libchdr/deps/miniz-3.1.1 -DUSE_MINIZ -DHAVE_LIBRETRO -Ideps/libretro-common/include -DNO_FRONTEND  -MMD -MP -c libpcsxcore/cheat.c -o libpcsxcore/cheat.o
arm-unknown-nto-qnx6.5.0eabi-gcc   -D__BLACKBERRY_QNX__ -marm -mcpu=cortex-a9 -mtune=cortex-a9 -mfpu=neon -mfloat-abi=softfp -fno-tree-vectorize -DDR_FLAC_NO_SIMD -fPIC -D_FILE_OFFSET_BITS=64  -Wall -Iinclude -ffast-math -Ofast -DNDEBUG -ffunction-sections -fdata-sections -DP_HAVE_MMAP=1 -DP_HAVE_POSIX_MEMALIGN=1 -DDISABLE_MEM_LUTS=0 -DGPU_NEON -DHAVE_CHD -Ideps/libchdr/include -Ideps/libchdr/deps/miniz-3.1.1 -DUSE_MINIZ -DHAVE_LIBRETRO -Ideps/libretro-common/include -DNO_FRONTEND  -MMD -MP -c libpcsxcore/database.c -o libpcsxcore/database.o
arm-unknown-nto-qnx6.5.0eabi-gcc   -D__BLACKBERRY_QNX__ -marm -mcpu=cortex-a9 -mtune=cortex-a9 -mfpu=neon -mfloat-abi=softfp -fno-tree-vectorize -DDR_FLAC_NO_SIMD -fPIC -D_FILE_OFFSET_BITS=64  -Wall -Iinclude -ffast-math -Ofast -DNDEBUG -ffunction-sections -fdata-sections -DP_HAVE_MMAP=1 -DP_HAVE_POSIX_MEMALIGN=1 -DDISABLE_MEM_LUTS=0 -DGPU_NEON -DHAVE_CHD -Ideps/libchdr/include -Ideps/libchdr/deps/miniz-3.1.1 -DUSE_MINIZ -DHAVE_LIBRETRO -Ideps/libretro-common/include -DNO_FRONTEND  -MMD -MP -c libpcsxcore/decode_xa.c -o libpcsxcore/decode_xa.o
libpcsxcore/cdriso.c: In function 'ISOopen':
libpcsxcore/cdriso.c:906:41: warning: 'index_entry_offset' may be used uninitialized in this function [-Wmaybe-uninitialized]
  compr_img->index_table[i] = cdimg_base + index_entry_offset + index_entry_size;
                                         ^
libpcsxcore/cdriso.c:760:44: note: 'index_entry_offset' was declared here
  unsigned int psar_offs, index_entry_size, index_entry_offset;
                                            ^
libpcsxcore/cdriso.c:906:62: warning: 'index_entry_size' may be used uninitialized in this function [-Wmaybe-uninitialized]
  compr_img->index_table[i] = cdimg_base + index_entry_offset + index_entry_size;
                                                              ^
libpcsxcore/cdriso.c:760:26: note: 'index_entry_size' was declared here
  unsigned int psar_offs, index_entry_size, index_entry_offset;
                          ^
arm-unknown-nto-qnx6.5.0eabi-gcc   -D__BLACKBERRY_QNX__ -marm -mcpu=cortex-a9 -mtune=cortex-a9 -mfpu=neon -mfloat-abi=softfp -fno-tree-vectorize -DDR_FLAC_NO_SIMD -fPIC -D_FILE_OFFSET_BITS=64  -Wall -Iinclude -ffast-math -Ofast -DNDEBUG -ffunction-sections -fdata-sections -DP_HAVE_MMAP=1 -DP_HAVE_POSIX_MEMALIGN=1 -DDISABLE_MEM_LUTS=0 -DGPU_NEON -DHAVE_CHD -Ideps/libchdr/include -Ideps/libchdr/deps/miniz-3.1.1 -DUSE_MINIZ -DHAVE_LIBRETRO -Ideps/libretro-common/include -DNO_FRONTEND  -MMD -MP -c libpcsxcore/mdec.c -o libpcsxcore/mdec.o
/bin/sh: 1: git: not found
arm-unknown-nto-qnx6.5.0eabi-gcc   -D__BLACKBERRY_QNX__ -marm -mcpu=cortex-a9 -mtune=cortex-a9 -mfpu=neon -mfloat-abi=softfp -fno-tree-vectorize -DDR_FLAC_NO_SIMD -fPIC -D_FILE_OFFSET_BITS=64  -Wall -Iinclude -ffast-math -Ofast -DNDEBUG -ffunction-sections -fdata-sections -DP_HAVE_MMAP=1 -DP_HAVE_POSIX_MEMALIGN=1 -DDISABLE_MEM_LUTS=0 -DGPU_NEON -DHAVE_CHD -Ideps/libchdr/include -Ideps/libchdr/deps/miniz-3.1.1 -DUSE_MINIZ -DHAVE_LIBRETRO -Ideps/libretro-common/include -DNO_FRONTEND  -MMD -MP -c libpcsxcore/plugins.c -o libpcsxcore/plugins.o
arm-unknown-nto-qnx6.5.0eabi-gcc   -D__BLACKBERRY_QNX__ -marm -mcpu=cortex-a9 -mtune=cortex-a9 -mfpu=neon -mfloat-abi=softfp -fno-tree-vectorize -DDR_FLAC_NO_SIMD -fPIC -D_FILE_OFFSET_BITS=64  -Wall -Iinclude -ffast-math -Ofast -DNDEBUG -ffunction-sections -fdata-sections -DP_HAVE_MMAP=1 -DP_HAVE_POSIX_MEMALIGN=1 -DDISABLE_MEM_LUTS=0 -DGPU_NEON -DHAVE_CHD -Ideps/libchdr/include -Ideps/libchdr/deps/miniz-3.1.1 -DUSE_MINIZ -DHAVE_LIBRETRO -Ideps/libretro-common/include -DNO_FRONTEND  -MMD -MP -c libpcsxcore/ppf.c -o libpcsxcore/ppf.o
arm-unknown-nto-qnx6.5.0eabi-gcc   -D__BLACKBERRY_QNX__ -marm -mcpu=cortex-a9 -mtune=cortex-a9 -mfpu=neon -mfloat-abi=softfp -fno-tree-vectorize -DDR_FLAC_NO_SIMD -fPIC -D_FILE_OFFSET_BITS=64  -Wall -Iinclude -ffast-math -Ofast -DNDEBUG -ffunction-sections -fdata-sections -DP_HAVE_MMAP=1 -DP_HAVE_POSIX_MEMALIGN=1 -DDISABLE_MEM_LUTS=0 -DGPU_NEON -DHAVE_CHD -Ideps/libchdr/include -Ideps/libchdr/deps/miniz-3.1.1 -DUSE_MINIZ -DHAVE_LIBRETRO -Ideps/libretro-common/include -DNO_FRONTEND  -Wno-nonnull -MMD -MP -c libpcsxcore/psxbios.c -o libpcsxcore/psxbios.o
arm-unknown-nto-qnx6.5.0eabi-gcc   -D__BLACKBERRY_QNX__ -marm -mcpu=cortex-a9 -mtune=cortex-a9 -mfpu=neon -mfloat-abi=softfp -fno-tree-vectorize -DDR_FLAC_NO_SIMD -fPIC -D_FILE_OFFSET_BITS=64  -Wall -Iinclude -ffast-math -Ofast -DNDEBUG -ffunction-sections -fdata-sections -DP_HAVE_MMAP=1 -DP_HAVE_POSIX_MEMALIGN=1 -DDISABLE_MEM_LUTS=0 -DGPU_NEON -DHAVE_CHD -Ideps/libchdr/include -Ideps/libchdr/deps/miniz-3.1.1 -DUSE_MINIZ -DHAVE_LIBRETRO -Ideps/libretro-common/include -DNO_FRONTEND  -MMD -MP -c libpcsxcore/psxcommon.c -o libpcsxcore/psxcommon.o
arm-unknown-nto-qnx6.5.0eabi-gcc   -D__BLACKBERRY_QNX__ -marm -mcpu=cortex-a9 -mtune=cortex-a9 -mfpu=neon -mfloat-abi=softfp -fno-tree-vectorize -DDR_FLAC_NO_SIMD -fPIC -D_FILE_OFFSET_BITS=64  -Wall -Iinclude -ffast-math -Ofast -DNDEBUG -ffunction-sections -fdata-sections -DP_HAVE_MMAP=1 -DP_HAVE_POSIX_MEMALIGN=1 -DDISABLE_MEM_LUTS=0 -DGPU_NEON -DHAVE_CHD -Ideps/libchdr/include -Ideps/libchdr/deps/miniz-3.1.1 -DUSE_MINIZ -DHAVE_LIBRETRO -Ideps/libretro-common/include -DNO_FRONTEND  -MMD -MP -c libpcsxcore/psxcounters.c -o libpcsxcore/psxcounters.o
arm-unknown-nto-qnx6.5.0eabi-gcc   -D__BLACKBERRY_QNX__ -marm -mcpu=cortex-a9 -mtune=cortex-a9 -mfpu=neon -mfloat-abi=softfp -fno-tree-vectorize -DDR_FLAC_NO_SIMD -fPIC -D_FILE_OFFSET_BITS=64  -Wall -Iinclude -ffast-math -Ofast -DNDEBUG -ffunction-sections -fdata-sections -DP_HAVE_MMAP=1 -DP_HAVE_POSIX_MEMALIGN=1 -DDISABLE_MEM_LUTS=0 -DGPU_NEON -DHAVE_CHD -Ideps/libchdr/include -Ideps/libchdr/deps/miniz-3.1.1 -DUSE_MINIZ -DHAVE_LIBRETRO -Ideps/libretro-common/include -DNO_FRONTEND  -MMD -MP -c libpcsxcore/psxdma.c -o libpcsxcore/psxdma.o
arm-unknown-nto-qnx6.5.0eabi-gcc   -D__BLACKBERRY_QNX__ -marm -mcpu=cortex-a9 -mtune=cortex-a9 -mfpu=neon -mfloat-abi=softfp -fno-tree-vectorize -DDR_FLAC_NO_SIMD -fPIC -D_FILE_OFFSET_BITS=64  -Wall -Iinclude -ffast-math -Ofast -DNDEBUG -ffunction-sections -fdata-sections -DP_HAVE_MMAP=1 -DP_HAVE_POSIX_MEMALIGN=1 -DDISABLE_MEM_LUTS=0 -DGPU_NEON -DHAVE_CHD -Ideps/libchdr/include -Ideps/libchdr/deps/miniz-3.1.1 -DUSE_MINIZ -DHAVE_LIBRETRO -Ideps/libretro-common/include -DNO_FRONTEND  -MMD -MP -c libpcsxcore/psxhw.c -o libpcsxcore/psxhw.o
arm-unknown-nto-qnx6.5.0eabi-gcc   -D__BLACKBERRY_QNX__ -marm -mcpu=cortex-a9 -mtune=cortex-a9 -mfpu=neon -mfloat-abi=softfp -fno-tree-vectorize -DDR_FLAC_NO_SIMD -fPIC -D_FILE_OFFSET_BITS=64  -Wall -Iinclude -ffast-math -Ofast -DNDEBUG -ffunction-sections -fdata-sections -DP_HAVE_MMAP=1 -DP_HAVE_POSIX_MEMALIGN=1 -DDISABLE_MEM_LUTS=0 -DGPU_NEON -DHAVE_CHD -Ideps/libchdr/include -Ideps/libchdr/deps/miniz-3.1.1 -DUSE_MINIZ -DHAVE_LIBRETRO -Ideps/libretro-common/include -DNO_FRONTEND  -MMD -MP -c libpcsxcore/psxinterpreter.c -o libpcsxcore/psxinterpreter.o
arm-unknown-nto-qnx6.5.0eabi-gcc   -D__BLACKBERRY_QNX__ -marm -mcpu=cortex-a9 -mtune=cortex-a9 -mfpu=neon -mfloat-abi=softfp -fno-tree-vectorize -DDR_FLAC_NO_SIMD -fPIC -D_FILE_OFFSET_BITS=64  -Wall -Iinclude -ffast-math -Ofast -DNDEBUG -ffunction-sections -fdata-sections -DP_HAVE_MMAP=1 -DP_HAVE_POSIX_MEMALIGN=1 -DDISABLE_MEM_LUTS=0 -DGPU_NEON -DHAVE_CHD -Ideps/libchdr/include -Ideps/libchdr/deps/miniz-3.1.1 -DUSE_MINIZ -DHAVE_LIBRETRO -Ideps/libretro-common/include -DNO_FRONTEND  -MMD -MP -c libpcsxcore/psxmem.c -o libpcsxcore/psxmem.o
arm-unknown-nto-qnx6.5.0eabi-gcc   -D__BLACKBERRY_QNX__ -marm -mcpu=cortex-a9 -mtune=cortex-a9 -mfpu=neon -mfloat-abi=softfp -fno-tree-vectorize -DDR_FLAC_NO_SIMD -fPIC -D_FILE_OFFSET_BITS=64  -Wall -Iinclude -ffast-math -Ofast -DNDEBUG -ffunction-sections -fdata-sections -DP_HAVE_MMAP=1 -DP_HAVE_POSIX_MEMALIGN=1 -DDISABLE_MEM_LUTS=0 -DGPU_NEON -DHAVE_CHD -Ideps/libchdr/include -Ideps/libchdr/deps/miniz-3.1.1 -DUSE_MINIZ -DHAVE_LIBRETRO -Ideps/libretro-common/include -DNO_FRONTEND  -MMD -MP -c libpcsxcore/psxevents.c -o libpcsxcore/psxevents.o
arm-unknown-nto-qnx6.5.0eabi-gcc   -D__BLACKBERRY_QNX__ -marm -mcpu=cortex-a9 -mtune=cortex-a9 -mfpu=neon -mfloat-abi=softfp -fno-tree-vectorize -DDR_FLAC_NO_SIMD -fPIC -D_FILE_OFFSET_BITS=64  -Wall -Iinclude -ffast-math -Ofast -DNDEBUG -ffunction-sections -fdata-sections -DP_HAVE_MMAP=1 -DP_HAVE_POSIX_MEMALIGN=1 -DDISABLE_MEM_LUTS=0 -DGPU_NEON -DHAVE_CHD -Ideps/libchdr/include -Ideps/libchdr/deps/miniz-3.1.1 -DUSE_MINIZ -DHAVE_LIBRETRO -Ideps/libretro-common/include -DNO_FRONTEND  -MMD -MP -c libpcsxcore/r3000a.c -o libpcsxcore/r3000a.o
arm-unknown-nto-qnx6.5.0eabi-gcc   -D__BLACKBERRY_QNX__ -marm -mcpu=cortex-a9 -mtune=cortex-a9 -mfpu=neon -mfloat-abi=softfp -fno-tree-vectorize -DDR_FLAC_NO_SIMD -fPIC -D_FILE_OFFSET_BITS=64  -Wall -Iinclude -ffast-math -Ofast -DNDEBUG -ffunction-sections -fdata-sections -DP_HAVE_MMAP=1 -DP_HAVE_POSIX_MEMALIGN=1 -DDISABLE_MEM_LUTS=0 -DGPU_NEON -DHAVE_CHD -Ideps/libchdr/include -Ideps/libchdr/deps/miniz-3.1.1 -DUSE_MINIZ -DHAVE_LIBRETRO -Ideps/libretro-common/include -DNO_FRONTEND  -MMD -MP -c libpcsxcore/sio.c -o libpcsxcore/sio.o
arm-unknown-nto-qnx6.5.0eabi-gcc   -D__BLACKBERRY_QNX__ -marm -mcpu=cortex-a9 -mtune=cortex-a9 -mfpu=neon -mfloat-abi=softfp -fno-tree-vectorize -DDR_FLAC_NO_SIMD -fPIC -D_FILE_OFFSET_BITS=64  -Wall -Iinclude -ffast-math -Ofast -DNDEBUG -ffunction-sections -fdata-sections -DP_HAVE_MMAP=1 -DP_HAVE_POSIX_MEMALIGN=1 -DDISABLE_MEM_LUTS=0 -DGPU_NEON -DHAVE_CHD -Ideps/libchdr/include -Ideps/libchdr/deps/miniz-3.1.1 -DUSE_MINIZ -DHAVE_LIBRETRO -Ideps/libretro-common/include -DNO_FRONTEND  -MMD -MP -c libpcsxcore/spu.c -o libpcsxcore/spu.o
arm-unknown-nto-qnx6.5.0eabi-gcc   -D__BLACKBERRY_QNX__ -marm -mcpu=cortex-a9 -mtune=cortex-a9 -mfpu=neon -mfloat-abi=softfp -fno-tree-vectorize -DDR_FLAC_NO_SIMD -fPIC -D_FILE_OFFSET_BITS=64  -Wall -Iinclude -ffast-math -Ofast -DNDEBUG -ffunction-sections -fdata-sections -DP_HAVE_MMAP=1 -DP_HAVE_POSIX_MEMALIGN=1 -DDISABLE_MEM_LUTS=0 -DGPU_NEON -DHAVE_CHD -Ideps/libchdr/include -Ideps/libchdr/deps/miniz-3.1.1 -DUSE_MINIZ -DHAVE_LIBRETRO -Ideps/libretro-common/include -DNO_FRONTEND  -MMD -MP -c libpcsxcore/gpu.c -o libpcsxcore/gpu.o
arm-unknown-nto-qnx6.5.0eabi-gcc   -D__BLACKBERRY_QNX__ -marm -mcpu=cortex-a9 -mtune=cortex-a9 -mfpu=neon -mfloat-abi=softfp -fno-tree-vectorize -DDR_FLAC_NO_SIMD -fPIC -D_FILE_OFFSET_BITS=64  -Wall -Iinclude -ffast-math -Ofast -DNDEBUG -ffunction-sections -fdata-sections -DP_HAVE_MMAP=1 -DP_HAVE_POSIX_MEMALIGN=1 -DDISABLE_MEM_LUTS=0 -DGPU_NEON -DHAVE_CHD -Ideps/libchdr/include -Ideps/libchdr/deps/miniz-3.1.1 -DUSE_MINIZ -DHAVE_LIBRETRO -Ideps/libretro-common/include -DNO_FRONTEND  -MMD -MP -c libpcsxcore/pad.c -o libpcsxcore/pad.o
arm-unknown-nto-qnx6.5.0eabi-gcc   -D__BLACKBERRY_QNX__ -marm -mcpu=cortex-a9 -mtune=cortex-a9 -mfpu=neon -mfloat-abi=softfp -fno-tree-vectorize -DDR_FLAC_NO_SIMD -fPIC -D_FILE_OFFSET_BITS=64  -Wall -Iinclude -ffast-math -Ofast -DNDEBUG -ffunction-sections -fdata-sections -DP_HAVE_MMAP=1 -DP_HAVE_POSIX_MEMALIGN=1 -DDISABLE_MEM_LUTS=0 -DGPU_NEON -DHAVE_CHD -Ideps/libchdr/include -Ideps/libchdr/deps/miniz-3.1.1 -DUSE_MINIZ -DHAVE_LIBRETRO -Ideps/libretro-common/include -DNO_FRONTEND  -MMD -MP -c libpcsxcore/gte.c -o libpcsxcore/gte.o
arm-unknown-nto-qnx6.5.0eabi-gcc   -D__BLACKBERRY_QNX__ -marm -mcpu=cortex-a9 -mtune=cortex-a9 -mfpu=neon -mfloat-abi=softfp -fno-tree-vectorize -DDR_FLAC_NO_SIMD -fPIC -D_FILE_OFFSET_BITS=64  -Wall -Iinclude -ffast-math -Ofast -DNDEBUG -ffunction-sections -fdata-sections -DP_HAVE_MMAP=1 -DP_HAVE_POSIX_MEMALIGN=1 -DDISABLE_MEM_LUTS=0 -DGPU_NEON -DHAVE_CHD -Ideps/libchdr/include -Ideps/libchdr/deps/miniz-3.1.1 -DUSE_MINIZ -DHAVE_LIBRETRO -Ideps/libretro-common/include -DNO_FRONTEND  -MMD -MP -c libpcsxcore/gte_nf.c -o libpcsxcore/gte_nf.o
arm-unknown-nto-qnx6.5.0eabi-gcc   -D__BLACKBERRY_QNX__ -marm -mcpu=cortex-a9 -mtune=cortex-a9 -mfpu=neon -mfloat-abi=softfp -fno-tree-vectorize -DDR_FLAC_NO_SIMD -fPIC -D_FILE_OFFSET_BITS=64  -Wall -Iinclude -ffast-math -Ofast -DNDEBUG -ffunction-sections -fdata-sections -DP_HAVE_MMAP=1 -DP_HAVE_POSIX_MEMALIGN=1 -DDISABLE_MEM_LUTS=0 -DGPU_NEON -DHAVE_CHD -Ideps/libchdr/include -Ideps/libchdr/deps/miniz-3.1.1 -DUSE_MINIZ -DHAVE_LIBRETRO -Ideps/libretro-common/include -DNO_FRONTEND  -MMD -MP -c libpcsxcore/gte_divider.c -o libpcsxcore/gte_divider.o
arm-unknown-nto-qnx6.5.0eabi-gcc   -D__BLACKBERRY_QNX__ -marm -mcpu=cortex-a9 -mtune=cortex-a9 -mfpu=neon -mfloat-abi=softfp -fno-tree-vectorize -DDR_FLAC_NO_SIMD -fPIC -D_FILE_OFFSET_BITS=64  -Wall -Iinclude -ffast-math -Ofast -DNDEBUG -ffunction-sections -fdata-sections -DP_HAVE_MMAP=1 -DP_HAVE_POSIX_MEMALIGN=1 -DDISABLE_MEM_LUTS=0 -DGPU_NEON -DHAVE_CHD -Ideps/libchdr/include -Ideps/libchdr/deps/miniz-3.1.1 -DUSE_MINIZ -DHAVE_LIBRETRO -Ideps/libretro-common/include -DNO_FRONTEND  -MMD -MP -c libpcsxcore/gte_arm.S -o libpcsxcore/gte_arm.o
arm-unknown-nto-qnx6.5.0eabi-gcc   -D__BLACKBERRY_QNX__ -marm -mcpu=cortex-a9 -mtune=cortex-a9 -mfpu=neon -mfloat-abi=softfp -fno-tree-vectorize -DDR_FLAC_NO_SIMD -fPIC -D_FILE_OFFSET_BITS=64  -Wall -Iinclude -ffast-math -Ofast -DNDEBUG -ffunction-sections -fdata-sections -DP_HAVE_MMAP=1 -DP_HAVE_POSIX_MEMALIGN=1 -DDISABLE_MEM_LUTS=0 -DGPU_NEON -DHAVE_CHD -Ideps/libchdr/include -Ideps/libchdr/deps/miniz-3.1.1 -DUSE_MINIZ -DHAVE_LIBRETRO -Ideps/libretro-common/include -DNO_FRONTEND  -MMD -MP -c libpcsxcore/gte_nf_arm.S -o libpcsxcore/gte_nf_arm.o
arm-unknown-nto-qnx6.5.0eabi-gcc   -D__BLACKBERRY_QNX__ -marm -mcpu=cortex-a9 -mtune=cortex-a9 -mfpu=neon -mfloat-abi=softfp -fno-tree-vectorize -DDR_FLAC_NO_SIMD -fPIC -D_FILE_OFFSET_BITS=64  -Wall -Iinclude -ffast-math -Ofast -DNDEBUG -ffunction-sections -fdata-sections -DP_HAVE_MMAP=1 -DP_HAVE_POSIX_MEMALIGN=1 -DDISABLE_MEM_LUTS=0 -DGPU_NEON -DHAVE_CHD -Ideps/libchdr/include -Ideps/libchdr/deps/miniz-3.1.1 -DUSE_MINIZ -DHAVE_LIBRETRO -Ideps/libretro-common/include -DNO_FRONTEND  -MMD -MP -c libpcsxcore/gte_neon.S -o libpcsxcore/gte_neon.o
arm-unknown-nto-qnx6.5.0eabi-gcc   -D__BLACKBERRY_QNX__ -marm -mcpu=cortex-a9 -mtune=cortex-a9 -mfpu=neon -mfloat-abi=softfp -fno-tree-vectorize -DDR_FLAC_NO_SIMD -fPIC -D_FILE_OFFSET_BITS=64  -Wall -Iinclude -ffast-math -Ofast -DNDEBUG -ffunction-sections -fdata-sections -DP_HAVE_MMAP=1 -DP_HAVE_POSIX_MEMALIGN=1 -DDISABLE_MEM_LUTS=0 -DGPU_NEON -DHAVE_CHD -Ideps/libchdr/include -Ideps/libchdr/deps/miniz-3.1.1 -DUSE_MINIZ -DHAVE_LIBRETRO -Ideps/libretro-common/include -DNO_FRONTEND  -MMD -MP -c libpcsxcore/gte_nf_neon.S -o libpcsxcore/gte_nf_neon.o
arm-unknown-nto-qnx6.5.0eabi-gcc   -D__BLACKBERRY_QNX__ -marm -mcpu=cortex-a9 -mtune=cortex-a9 -mfpu=neon -mfloat-abi=softfp -fno-tree-vectorize -DDR_FLAC_NO_SIMD -fPIC -D_FILE_OFFSET_BITS=64  -Wall -Iinclude -ffast-math -Ofast -DNDEBUG -ffunction-sections -fdata-sections -DP_HAVE_MMAP=1 -DP_HAVE_POSIX_MEMALIGN=1 -DDISABLE_MEM_LUTS=0 -DGPU_NEON -DHAVE_CHD -Ideps/libchdr/include -Ideps/libchdr/deps/miniz-3.1.1 -DUSE_MINIZ -DHAVE_LIBRETRO -Ideps/libretro-common/include -DNO_FRONTEND  -O2  -DNDRC_THREAD -MMD -MP -c libpcsxcore/new_dynarec/new_dynarec.c -o libpcsxcore/new_dynarec/new_dynarec.o
arm-unknown-nto-qnx6.5.0eabi-gcc   -D__BLACKBERRY_QNX__ -marm -mcpu=cortex-a9 -mtune=cortex-a9 -mfpu=neon -mfloat-abi=softfp -fno-tree-vectorize -DDR_FLAC_NO_SIMD -fPIC -D_FILE_OFFSET_BITS=64  -Wall -Iinclude -ffast-math -Ofast -DNDEBUG -ffunction-sections -fdata-sections -DP_HAVE_MMAP=1 -DP_HAVE_POSIX_MEMALIGN=1 -DDISABLE_MEM_LUTS=0 -DGPU_NEON -DHAVE_CHD -Ideps/libchdr/include -Ideps/libchdr/deps/miniz-3.1.1 -DUSE_MINIZ -DHAVE_LIBRETRO -Ideps/libretro-common/include -DNO_FRONTEND  -MMD -MP -c libpcsxcore/new_dynarec/pcsxmem.c -o libpcsxcore/new_dynarec/pcsxmem.o
arm-unknown-nto-qnx6.5.0eabi-gcc   -D__BLACKBERRY_QNX__ -marm -mcpu=cortex-a9 -mtune=cortex-a9 -mfpu=neon -mfloat-abi=softfp -fno-tree-vectorize -DDR_FLAC_NO_SIMD -fPIC -D_FILE_OFFSET_BITS=64  -Wall -Iinclude -ffast-math -Ofast -DNDEBUG -ffunction-sections -fdata-sections -DP_HAVE_MMAP=1 -DP_HAVE_POSIX_MEMALIGN=1 -DDISABLE_MEM_LUTS=0 -DGPU_NEON -DHAVE_CHD -Ideps/libchdr/include -Ideps/libchdr/deps/miniz-3.1.1 -DUSE_MINIZ -DHAVE_LIBRETRO -Ideps/libretro-common/include -DNO_FRONTEND  -MMD -MP -c libpcsxcore/new_dynarec/linkage_arm.S -o libpcsxcore/new_dynarec/linkage_arm.o
arm-unknown-nto-qnx6.5.0eabi-gcc   -D__BLACKBERRY_QNX__ -marm -mcpu=cortex-a9 -mtune=cortex-a9 -mfpu=neon -mfloat-abi=softfp -fno-tree-vectorize -DDR_FLAC_NO_SIMD -fPIC -D_FILE_OFFSET_BITS=64  -Wall -Iinclude -ffast-math -Ofast -DNDEBUG -ffunction-sections -fdata-sections -DP_HAVE_MMAP=1 -DP_HAVE_POSIX_MEMALIGN=1 -DDISABLE_MEM_LUTS=0 -DGPU_NEON -DHAVE_CHD -Ideps/libchdr/include -Ideps/libchdr/deps/miniz-3.1.1 -DUSE_MINIZ -DHAVE_LIBRETRO -Ideps/libretro-common/include -DNO_FRONTEND  -DNDRC_THREAD -MMD -MP -c libpcsxcore/new_dynarec/emu_if.c -o libpcsxcore/new_dynarec/emu_if.o
arm-unknown-nto-qnx6.5.0eabi-gcc   -D__BLACKBERRY_QNX__ -marm -mcpu=cortex-a9 -mtune=cortex-a9 -mfpu=neon -mfloat-abi=softfp -fno-tree-vectorize -DDR_FLAC_NO_SIMD -fPIC -D_FILE_OFFSET_BITS=64  -Wall -Iinclude -ffast-math -Ofast -DNDEBUG -ffunction-sections -fdata-sections -DP_HAVE_MMAP=1 -DP_HAVE_POSIX_MEMALIGN=1 -DDISABLE_MEM_LUTS=0 -DGPU_NEON -DHAVE_CHD -Ideps/libchdr/include -Ideps/libchdr/deps/miniz-3.1.1 -DUSE_MINIZ -DHAVE_LIBRETRO -Ideps/libretro-common/include -DNO_FRONTEND  -DUSE_ASYNC_SPU -MMD -MP -c plugins/dfsound/dma.c -o plugins/dfsound/dma.o
arm-unknown-nto-qnx6.5.0eabi-gcc   -D__BLACKBERRY_QNX__ -marm -mcpu=cortex-a9 -mtune=cortex-a9 -mfpu=neon -mfloat-abi=softfp -fno-tree-vectorize -DDR_FLAC_NO_SIMD -fPIC -D_FILE_OFFSET_BITS=64  -Wall -Iinclude -ffast-math -Ofast -DNDEBUG -ffunction-sections -fdata-sections -DP_HAVE_MMAP=1 -DP_HAVE_POSIX_MEMALIGN=1 -DDISABLE_MEM_LUTS=0 -DGPU_NEON -DHAVE_CHD -Ideps/libchdr/include -Ideps/libchdr/deps/miniz-3.1.1 -DUSE_MINIZ -DHAVE_LIBRETRO -Ideps/libretro-common/include -DNO_FRONTEND  -DUSE_ASYNC_SPU -MMD -MP -c plugins/dfsound/freeze.c -o plugins/dfsound/freeze.o
arm-unknown-nto-qnx6.5.0eabi-gcc   -D__BLACKBERRY_QNX__ -marm -mcpu=cortex-a9 -mtune=cortex-a9 -mfpu=neon -mfloat-abi=softfp -fno-tree-vectorize -DDR_FLAC_NO_SIMD -fPIC -D_FILE_OFFSET_BITS=64  -Wall -Iinclude -ffast-math -Ofast -DNDEBUG -ffunction-sections -fdata-sections -DP_HAVE_MMAP=1 -DP_HAVE_POSIX_MEMALIGN=1 -DDISABLE_MEM_LUTS=0 -DGPU_NEON -DHAVE_CHD -Ideps/libchdr/include -Ideps/libchdr/deps/miniz-3.1.1 -DUSE_MINIZ -DHAVE_LIBRETRO -Ideps/libretro-common/include -DNO_FRONTEND  -DUSE_ASYNC_SPU -MMD -MP -c plugins/dfsound/registers.c -o plugins/dfsound/registers.o
arm-unknown-nto-qnx6.5.0eabi-gcc   -D__BLACKBERRY_QNX__ -marm -mcpu=cortex-a9 -mtune=cortex-a9 -mfpu=neon -mfloat-abi=softfp -fno-tree-vectorize -DDR_FLAC_NO_SIMD -fPIC -D_FILE_OFFSET_BITS=64  -Wall -Iinclude -ffast-math -Ofast -DNDEBUG -ffunction-sections -fdata-sections -DP_HAVE_MMAP=1 -DP_HAVE_POSIX_MEMALIGN=1 -DDISABLE_MEM_LUTS=0 -DGPU_NEON -DHAVE_CHD -Ideps/libchdr/include -Ideps/libchdr/deps/miniz-3.1.1 -DUSE_MINIZ -DHAVE_LIBRETRO -Ideps/libretro-common/include -DNO_FRONTEND  -DUSE_ASYNC_SPU -MMD -MP -c plugins/dfsound/spu.c -o plugins/dfsound/spu.o
arm-unknown-nto-qnx6.5.0eabi-gcc   -D__BLACKBERRY_QNX__ -marm -mcpu=cortex-a9 -mtune=cortex-a9 -mfpu=neon -mfloat-abi=softfp -fno-tree-vectorize -DDR_FLAC_NO_SIMD -fPIC -D_FILE_OFFSET_BITS=64  -Wall -Iinclude -ffast-math -Ofast -DNDEBUG -ffunction-sections -fdata-sections -DP_HAVE_MMAP=1 -DP_HAVE_POSIX_MEMALIGN=1 -DDISABLE_MEM_LUTS=0 -DGPU_NEON -DHAVE_CHD -Ideps/libchdr/include -Ideps/libchdr/deps/miniz-3.1.1 -DUSE_MINIZ -DHAVE_LIBRETRO -Ideps/libretro-common/include -DNO_FRONTEND  -DUSE_ASYNC_SPU -DHAVE_LIBRETRO -MMD -MP -c plugins/dfsound/out.c -o plugins/dfsound/out.o
arm-unknown-nto-qnx6.5.0eabi-gcc   -D__BLACKBERRY_QNX__ -marm -mcpu=cortex-a9 -mtune=cortex-a9 -mfpu=neon -mfloat-abi=softfp -fno-tree-vectorize -DDR_FLAC_NO_SIMD -fPIC -D_FILE_OFFSET_BITS=64  -Wall -Iinclude -ffast-math -Ofast -DNDEBUG -ffunction-sections -fdata-sections -DP_HAVE_MMAP=1 -DP_HAVE_POSIX_MEMALIGN=1 -DDISABLE_MEM_LUTS=0 -DGPU_NEON -DHAVE_CHD -Ideps/libchdr/include -Ideps/libchdr/deps/miniz-3.1.1 -DUSE_MINIZ -DHAVE_LIBRETRO -Ideps/libretro-common/include -DNO_FRONTEND  -DUSE_ASYNC_SPU -MMD -MP -c plugins/dfsound/nullsnd.c -o plugins/dfsound/nullsnd.o
arm-unknown-nto-qnx6.5.0eabi-gcc   -D__BLACKBERRY_QNX__ -marm -mcpu=cortex-a9 -mtune=cortex-a9 -mfpu=neon -mfloat-abi=softfp -fno-tree-vectorize -DDR_FLAC_NO_SIMD -fPIC -D_FILE_OFFSET_BITS=64  -Wall -Iinclude -ffast-math -Ofast -DNDEBUG -ffunction-sections -fdata-sections -DP_HAVE_MMAP=1 -DP_HAVE_POSIX_MEMALIGN=1 -DDISABLE_MEM_LUTS=0 -DGPU_NEON -DHAVE_CHD -Ideps/libchdr/include -Ideps/libchdr/deps/miniz-3.1.1 -DUSE_MINIZ -DHAVE_LIBRETRO -Ideps/libretro-common/include -DNO_FRONTEND  -DUSE_ASYNC_SPU -MMD -MP -c plugins/dfsound/arm_utils.S -o plugins/dfsound/arm_utils.o
arm-unknown-nto-qnx6.5.0eabi-gcc   -D__BLACKBERRY_QNX__ -marm -mcpu=cortex-a9 -mtune=cortex-a9 -mfpu=neon -mfloat-abi=softfp -fno-tree-vectorize -DDR_FLAC_NO_SIMD -fPIC -D_FILE_OFFSET_BITS=64  -Wall -Iinclude -ffast-math -Ofast -DNDEBUG -ffunction-sections -fdata-sections -DP_HAVE_MMAP=1 -DP_HAVE_POSIX_MEMALIGN=1 -DDISABLE_MEM_LUTS=0 -DGPU_NEON -DHAVE_CHD -Ideps/libchdr/include -Ideps/libchdr/deps/miniz-3.1.1 -DUSE_MINIZ -DHAVE_LIBRETRO -Ideps/libretro-common/include -DNO_FRONTEND  -DUSE_ASYNC_GPU -MMD -MP -c plugins/gpulib/gpu.c -o plugins/gpulib/gpu.o
arm-unknown-nto-qnx6.5.0eabi-gcc   -D__BLACKBERRY_QNX__ -marm -mcpu=cortex-a9 -mtune=cortex-a9 -mfpu=neon -mfloat-abi=softfp -fno-tree-vectorize -DDR_FLAC_NO_SIMD -fPIC -D_FILE_OFFSET_BITS=64  -Wall -Iinclude -ffast-math -Ofast -DNDEBUG -ffunction-sections -fdata-sections -DP_HAVE_MMAP=1 -DP_HAVE_POSIX_MEMALIGN=1 -DDISABLE_MEM_LUTS=0 -DGPU_NEON -DHAVE_CHD -Ideps/libchdr/include -Ideps/libchdr/deps/miniz-3.1.1 -DUSE_MINIZ -DHAVE_LIBRETRO -Ideps/libretro-common/include -DNO_FRONTEND  -DUSE_ASYNC_GPU -MMD -MP -c plugins/gpulib/vout_pl.c -o plugins/gpulib/vout_pl.o
arm-unknown-nto-qnx6.5.0eabi-gcc   -D__BLACKBERRY_QNX__ -marm -mcpu=cortex-a9 -mtune=cortex-a9 -mfpu=neon -mfloat-abi=softfp -fno-tree-vectorize -DDR_FLAC_NO_SIMD -fPIC -D_FILE_OFFSET_BITS=64  -Wall -Iinclude -ffast-math -Ofast -DNDEBUG -ffunction-sections -fdata-sections -DP_HAVE_MMAP=1 -DP_HAVE_POSIX_MEMALIGN=1 -DDISABLE_MEM_LUTS=0 -DGPU_NEON -DHAVE_CHD -Ideps/libchdr/include -Ideps/libchdr/deps/miniz-3.1.1 -DUSE_MINIZ -DHAVE_LIBRETRO -Ideps/libretro-common/include -DNO_FRONTEND  -DUSE_ASYNC_GPU -MMD -MP -c plugins/gpulib/prim.c -o plugins/gpulib/prim.o
arm-unknown-nto-qnx6.5.0eabi-gcc   -D__BLACKBERRY_QNX__ -marm -mcpu=cortex-a9 -mtune=cortex-a9 -mfpu=neon -mfloat-abi=softfp -fno-tree-vectorize -DDR_FLAC_NO_SIMD -fPIC -D_FILE_OFFSET_BITS=64  -Wall -Iinclude -ffast-math -Ofast -DNDEBUG -ffunction-sections -fdata-sections -DP_HAVE_MMAP=1 -DP_HAVE_POSIX_MEMALIGN=1 -DDISABLE_MEM_LUTS=0 -DGPU_NEON -DHAVE_CHD -Ideps/libchdr/include -Ideps/libchdr/deps/miniz-3.1.1 -DUSE_MINIZ -DHAVE_LIBRETRO -Ideps/libretro-common/include -DNO_FRONTEND  -DUSE_ASYNC_GPU -MMD -MP -c plugins/gpulib/gpu_async.c -o plugins/gpulib/gpu_async.o
arm-unknown-nto-qnx6.5.0eabi-gcc   -D__BLACKBERRY_QNX__ -marm -mcpu=cortex-a9 -mtune=cortex-a9 -mfpu=neon -mfloat-abi=softfp -fno-tree-vectorize -DDR_FLAC_NO_SIMD -fPIC -D_FILE_OFFSET_BITS=64  -Wall -Iinclude -ffast-math -Ofast -DNDEBUG -ffunction-sections -fdata-sections -DP_HAVE_MMAP=1 -DP_HAVE_POSIX_MEMALIGN=1 -DDISABLE_MEM_LUTS=0 -DGPU_NEON -DHAVE_CHD -Ideps/libchdr/include -Ideps/libchdr/deps/miniz-3.1.1 -DUSE_MINIZ -DHAVE_LIBRETRO -Ideps/libretro-common/include -DNO_FRONTEND  -DNEON_BUILD -DTEXTURE_CACHE_4BPP -DTEXTURE_CACHE_8BPP -MMD -MP -c plugins/gpu_neon/psx_gpu_if.c -o plugins/gpu_neon/psx_gpu_if.o
arm-unknown-nto-qnx6.5.0eabi-gcc  -D__BLACKBERRY_QNX__ -marm -mcpu=cortex-a9 -mtune=cortex-a9 -mfpu=neon -mfloat-abi=softfp -fno-tree-vectorize -DDR_FLAC_NO_SIMD -fPIC -D_FILE_OFFSET_BITS=64  -Wall -Iinclude -ffast-math -Ofast -DNDEBUG -ffunction-sections -fdata-sections -DP_HAVE_MMAP=1 -DP_HAVE_POSIX_MEMALIGN=1 -DDISABLE_MEM_LUTS=0 -DGPU_NEON -DHAVE_CHD -Ideps/libchdr/include -Ideps/libchdr/deps/miniz-3.1.1 -DUSE_MINIZ -DHAVE_LIBRETRO -Ideps/libretro-common/include -DNO_FRONTEND  -c plugins/gpu_neon/psx_gpu/psx_gpu_arm_neon.S -o plugins/gpu_neon/psx_gpu/psx_gpu_arm_neon.o
arm-unknown-nto-qnx6.5.0eabi-gcc   -D__BLACKBERRY_QNX__ -marm -mcpu=cortex-a9 -mtune=cortex-a9 -mfpu=neon -mfloat-abi=softfp -fno-tree-vectorize -DDR_FLAC_NO_SIMD -fPIC -D_FILE_OFFSET_BITS=64  -Wall -Iinclude -ffast-math -Ofast -DNDEBUG -ffunction-sections -fdata-sections -DP_HAVE_MMAP=1 -DP_HAVE_POSIX_MEMALIGN=1 -DDISABLE_MEM_LUTS=0 -DGPU_NEON -DHAVE_CHD -Ideps/libchdr/include -Ideps/libchdr/deps/miniz-3.1.1 -DUSE_MINIZ -DHAVE_LIBRETRO -Ideps/libretro-common/include -DNO_FRONTEND  -Wno-unused -Wno-unused-function -Ideps/libchdr/deps/lzma-25.01/include -MMD -MP -c deps/libchdr/src/libchdr_bitstream.c -o deps/libchdr/src/libchdr_bitstream.o
arm-unknown-nto-qnx6.5.0eabi-gcc   -D__BLACKBERRY_QNX__ -marm -mcpu=cortex-a9 -mtune=cortex-a9 -mfpu=neon -mfloat-abi=softfp -fno-tree-vectorize -DDR_FLAC_NO_SIMD -fPIC -D_FILE_OFFSET_BITS=64  -Wall -Iinclude -ffast-math -Ofast -DNDEBUG -ffunction-sections -fdata-sections -DP_HAVE_MMAP=1 -DP_HAVE_POSIX_MEMALIGN=1 -DDISABLE_MEM_LUTS=0 -DGPU_NEON -DHAVE_CHD -Ideps/libchdr/include -Ideps/libchdr/deps/miniz-3.1.1 -DUSE_MINIZ -DHAVE_LIBRETRO -Ideps/libretro-common/include -DNO_FRONTEND  -Wno-unused -Wno-unused-function -Ideps/libchdr/deps/lzma-25.01/include -MMD -MP -c deps/libchdr/src/libchdr_cdrom.c -o deps/libchdr/src/libchdr_cdrom.o
arm-unknown-nto-qnx6.5.0eabi-gcc   -D__BLACKBERRY_QNX__ -marm -mcpu=cortex-a9 -mtune=cortex-a9 -mfpu=neon -mfloat-abi=softfp -fno-tree-vectorize -DDR_FLAC_NO_SIMD -fPIC -D_FILE_OFFSET_BITS=64  -Wall -Iinclude -ffast-math -Ofast -DNDEBUG -ffunction-sections -fdata-sections -DP_HAVE_MMAP=1 -DP_HAVE_POSIX_MEMALIGN=1 -DDISABLE_MEM_LUTS=0 -DGPU_NEON -DHAVE_CHD -Ideps/libchdr/include -Ideps/libchdr/deps/miniz-3.1.1 -DUSE_MINIZ -DHAVE_LIBRETRO -Ideps/libretro-common/include -DNO_FRONTEND  -Wno-unused -Wno-unused-function -Ideps/libchdr/deps/lzma-25.01/include -MMD -MP -c deps/libchdr/src/libchdr_chd.c -o deps/libchdr/src/libchdr_chd.o
arm-unknown-nto-qnx6.5.0eabi-gcc   -D__BLACKBERRY_QNX__ -marm -mcpu=cortex-a9 -mtune=cortex-a9 -mfpu=neon -mfloat-abi=softfp -fno-tree-vectorize -DDR_FLAC_NO_SIMD -fPIC -D_FILE_OFFSET_BITS=64  -Wall -Iinclude -ffast-math -Ofast -DNDEBUG -ffunction-sections -fdata-sections -DP_HAVE_MMAP=1 -DP_HAVE_POSIX_MEMALIGN=1 -DDISABLE_MEM_LUTS=0 -DGPU_NEON -DHAVE_CHD -Ideps/libchdr/include -Ideps/libchdr/deps/miniz-3.1.1 -DUSE_MINIZ -DHAVE_LIBRETRO -Ideps/libretro-common/include -DNO_FRONTEND  -Wno-unused -Wno-unused-function -Ideps/libchdr/deps/lzma-25.01/include -MMD -MP -c deps/libchdr/src/libchdr_codec_cdfl.c -o deps/libchdr/src/libchdr_codec_cdfl.o
arm-unknown-nto-qnx6.5.0eabi-gcc   -D__BLACKBERRY_QNX__ -marm -mcpu=cortex-a9 -mtune=cortex-a9 -mfpu=neon -mfloat-abi=softfp -fno-tree-vectorize -DDR_FLAC_NO_SIMD -fPIC -D_FILE_OFFSET_BITS=64  -Wall -Iinclude -ffast-math -Ofast -DNDEBUG -ffunction-sections -fdata-sections -DP_HAVE_MMAP=1 -DP_HAVE_POSIX_MEMALIGN=1 -DDISABLE_MEM_LUTS=0 -DGPU_NEON -DHAVE_CHD -Ideps/libchdr/include -Ideps/libchdr/deps/miniz-3.1.1 -DUSE_MINIZ -DHAVE_LIBRETRO -Ideps/libretro-common/include -DNO_FRONTEND  -Wno-unused -Wno-unused-function -Ideps/libchdr/deps/lzma-25.01/include -MMD -MP -c deps/libchdr/src/libchdr_codec_cdlz.c -o deps/libchdr/src/libchdr_codec_cdlz.o
arm-unknown-nto-qnx6.5.0eabi-gcc   -D__BLACKBERRY_QNX__ -marm -mcpu=cortex-a9 -mtune=cortex-a9 -mfpu=neon -mfloat-abi=softfp -fno-tree-vectorize -DDR_FLAC_NO_SIMD -fPIC -D_FILE_OFFSET_BITS=64  -Wall -Iinclude -ffast-math -Ofast -DNDEBUG -ffunction-sections -fdata-sections -DP_HAVE_MMAP=1 -DP_HAVE_POSIX_MEMALIGN=1 -DDISABLE_MEM_LUTS=0 -DGPU_NEON -DHAVE_CHD -Ideps/libchdr/include -Ideps/libchdr/deps/miniz-3.1.1 -DUSE_MINIZ -DHAVE_LIBRETRO -Ideps/libretro-common/include -DNO_FRONTEND  -Wno-unused -Wno-unused-function -Ideps/libchdr/deps/lzma-25.01/include -MMD -MP -c deps/libchdr/src/libchdr_codec_cdzl.c -o deps/libchdr/src/libchdr_codec_cdzl.o
arm-unknown-nto-qnx6.5.0eabi-gcc   -D__BLACKBERRY_QNX__ -marm -mcpu=cortex-a9 -mtune=cortex-a9 -mfpu=neon -mfloat-abi=softfp -fno-tree-vectorize -DDR_FLAC_NO_SIMD -fPIC -D_FILE_OFFSET_BITS=64  -Wall -Iinclude -ffast-math -Ofast -DNDEBUG -ffunction-sections -fdata-sections -DP_HAVE_MMAP=1 -DP_HAVE_POSIX_MEMALIGN=1 -DDISABLE_MEM_LUTS=0 -DGPU_NEON -DHAVE_CHD -Ideps/libchdr/include -Ideps/libchdr/deps/miniz-3.1.1 -DUSE_MINIZ -DHAVE_LIBRETRO -Ideps/libretro-common/include -DNO_FRONTEND  -Wno-unused -Wno-unused-function -Ideps/libchdr/deps/lzma-25.01/include -MMD -MP -c deps/libchdr/src/libchdr_codec_cdzs.c -o deps/libchdr/src/libchdr_codec_cdzs.o
arm-unknown-nto-qnx6.5.0eabi-gcc   -D__BLACKBERRY_QNX__ -marm -mcpu=cortex-a9 -mtune=cortex-a9 -mfpu=neon -mfloat-abi=softfp -fno-tree-vectorize -DDR_FLAC_NO_SIMD -fPIC -D_FILE_OFFSET_BITS=64  -Wall -Iinclude -ffast-math -Ofast -DNDEBUG -ffunction-sections -fdata-sections -DP_HAVE_MMAP=1 -DP_HAVE_POSIX_MEMALIGN=1 -DDISABLE_MEM_LUTS=0 -DGPU_NEON -DHAVE_CHD -Ideps/libchdr/include -Ideps/libchdr/deps/miniz-3.1.1 -DUSE_MINIZ -DHAVE_LIBRETRO -Ideps/libretro-common/include -DNO_FRONTEND  -Wno-unused -Wno-unused-function -Ideps/libchdr/deps/lzma-25.01/include -MMD -MP -c deps/libchdr/src/libchdr_codec_flac.c -o deps/libchdr/src/libchdr_codec_flac.o
arm-unknown-nto-qnx6.5.0eabi-gcc   -D__BLACKBERRY_QNX__ -marm -mcpu=cortex-a9 -mtune=cortex-a9 -mfpu=neon -mfloat-abi=softfp -fno-tree-vectorize -DDR_FLAC_NO_SIMD -fPIC -D_FILE_OFFSET_BITS=64  -Wall -Iinclude -ffast-math -Ofast -DNDEBUG -ffunction-sections -fdata-sections -DP_HAVE_MMAP=1 -DP_HAVE_POSIX_MEMALIGN=1 -DDISABLE_MEM_LUTS=0 -DGPU_NEON -DHAVE_CHD -Ideps/libchdr/include -Ideps/libchdr/deps/miniz-3.1.1 -DUSE_MINIZ -DHAVE_LIBRETRO -Ideps/libretro-common/include -DNO_FRONTEND  -Wno-unused -Wno-unused-function -Ideps/libchdr/deps/lzma-25.01/include -MMD -MP -c deps/libchdr/src/libchdr_codec_huff.c -o deps/libchdr/src/libchdr_codec_huff.o
arm-unknown-nto-qnx6.5.0eabi-gcc   -D__BLACKBERRY_QNX__ -marm -mcpu=cortex-a9 -mtune=cortex-a9 -mfpu=neon -mfloat-abi=softfp -fno-tree-vectorize -DDR_FLAC_NO_SIMD -fPIC -D_FILE_OFFSET_BITS=64  -Wall -Iinclude -ffast-math -Ofast -DNDEBUG -ffunction-sections -fdata-sections -DP_HAVE_MMAP=1 -DP_HAVE_POSIX_MEMALIGN=1 -DDISABLE_MEM_LUTS=0 -DGPU_NEON -DHAVE_CHD -Ideps/libchdr/include -Ideps/libchdr/deps/miniz-3.1.1 -DUSE_MINIZ -DHAVE_LIBRETRO -Ideps/libretro-common/include -DNO_FRONTEND  -Wno-unused -Wno-unused-function -Ideps/libchdr/deps/lzma-25.01/include -include stddef.h -MMD -MP -c deps/libchdr/src/libchdr_codec_lzma.c -o deps/libchdr/src/libchdr_codec_lzma.o
arm-unknown-nto-qnx6.5.0eabi-gcc   -D__BLACKBERRY_QNX__ -marm -mcpu=cortex-a9 -mtune=cortex-a9 -mfpu=neon -mfloat-abi=softfp -fno-tree-vectorize -DDR_FLAC_NO_SIMD -fPIC -D_FILE_OFFSET_BITS=64  -Wall -Iinclude -ffast-math -Ofast -DNDEBUG -ffunction-sections -fdata-sections -DP_HAVE_MMAP=1 -DP_HAVE_POSIX_MEMALIGN=1 -DDISABLE_MEM_LUTS=0 -DGPU_NEON -DHAVE_CHD -Ideps/libchdr/include -Ideps/libchdr/deps/miniz-3.1.1 -DUSE_MINIZ -DHAVE_LIBRETRO -Ideps/libretro-common/include -DNO_FRONTEND  -Wno-unused -Wno-unused-function -Ideps/libchdr/deps/lzma-25.01/include -MMD -MP -c deps/libchdr/src/libchdr_codec_zlib.c -o deps/libchdr/src/libchdr_codec_zlib.o
arm-unknown-nto-qnx6.5.0eabi-gcc   -D__BLACKBERRY_QNX__ -marm -mcpu=cortex-a9 -mtune=cortex-a9 -mfpu=neon -mfloat-abi=softfp -fno-tree-vectorize -DDR_FLAC_NO_SIMD -fPIC -D_FILE_OFFSET_BITS=64  -Wall -Iinclude -ffast-math -Ofast -DNDEBUG -ffunction-sections -fdata-sections -DP_HAVE_MMAP=1 -DP_HAVE_POSIX_MEMALIGN=1 -DDISABLE_MEM_LUTS=0 -DGPU_NEON -DHAVE_CHD -Ideps/libchdr/include -Ideps/libchdr/deps/miniz-3.1.1 -DUSE_MINIZ -DHAVE_LIBRETRO -Ideps/libretro-common/include -DNO_FRONTEND  -Wno-unused -Wno-unused-function -Ideps/libchdr/deps/lzma-25.01/include -MMD -MP -c deps/libchdr/src/libchdr_codec_zstd.c -o deps/libchdr/src/libchdr_codec_zstd.o
arm-unknown-nto-qnx6.5.0eabi-gcc   -D__BLACKBERRY_QNX__ -marm -mcpu=cortex-a9 -mtune=cortex-a9 -mfpu=neon -mfloat-abi=softfp -fno-tree-vectorize -DDR_FLAC_NO_SIMD -fPIC -D_FILE_OFFSET_BITS=64  -Wall -Iinclude -ffast-math -Ofast -DNDEBUG -ffunction-sections -fdata-sections -DP_HAVE_MMAP=1 -DP_HAVE_POSIX_MEMALIGN=1 -DDISABLE_MEM_LUTS=0 -DGPU_NEON -DHAVE_CHD -Ideps/libchdr/include -Ideps/libchdr/deps/miniz-3.1.1 -DUSE_MINIZ -DHAVE_LIBRETRO -Ideps/libretro-common/include -DNO_FRONTEND  -Wno-unused -Wno-unused-function -Ideps/libchdr/deps/lzma-25.01/include -MMD -MP -c deps/libchdr/src/libchdr_flac.c -o deps/libchdr/src/libchdr_flac.o
In file included from deps/libchdr/src/codec_zstd.h:9:0,
                 from deps/libchdr/src/libchdr_codec_zstd.c:1:
deps/libchdr/src/../deps/zstd-1.5.7/zstd.h:160:13: error: unknown type name 'size_t'
 ZSTDLIB_API size_t ZSTD_compress( void* dst, size_t dstCapacity,
             ^
deps/libchdr/src/../deps/zstd-1.5.7/zstd.h:160:46: error: unknown type name 'size_t'
 ZSTDLIB_API size_t ZSTD_compress( void* dst, size_t dstCapacity,
                                              ^
deps/libchdr/src/../deps/zstd-1.5.7/zstd.h:161:46: error: unknown type name 'size_t'
                             const void* src, size_t srcSize,
                                              ^
arm-unknown-nto-qnx6.5.0eabi-gcc   -D__BLACKBERRY_QNX__ -marm -mcpu=cortex-a9 -mtune=cortex-a9 -mfpu=neon -mfloat-abi=softfp -fno-tree-vectorize -DDR_FLAC_NO_SIMD -fPIC -D_FILE_OFFSET_BITS=64  -Wall -Iinclude -ffast-math -Ofast -DNDEBUG -ffunction-sections -fdata-sections -DP_HAVE_MMAP=1 -DP_HAVE_POSIX_MEMALIGN=1 -DDISABLE_MEM_LUTS=0 -DGPU_NEON -DHAVE_CHD -Ideps/libchdr/include -Ideps/libchdr/deps/miniz-3.1.1 -DUSE_MINIZ -DHAVE_LIBRETRO -Ideps/libretro-common/include -DNO_FRONTEND  -Wno-unused -Wno-unused-function -Ideps/libchdr/deps/lzma-25.01/include -MMD -MP -c deps/libchdr/src/libchdr_huffman.c -o deps/libchdr/src/libchdr_huffman.o
deps/libchdr/src/../deps/zstd-1.5.7/zstd.h:173:13: error: unknown type name 'size_t'
 ZSTDLIB_API size_t ZSTD_decompress( void* dst, size_t dstCapacity,
             ^
deps/libchdr/src/../deps/zstd-1.5.7/zstd.h:173:48: error: unknown type name 'size_t'
 ZSTDLIB_API size_t ZSTD_decompress( void* dst, size_t dstCapacity,
                                                ^
deps/libchdr/src/../deps/zstd-1.5.7/zstd.h:174:48: error: unknown type name 'size_t'
                               const void* src, size_t compressedSize);
                                                ^
deps/libchdr/src/../deps/zstd-1.5.7/zstd.h:205:74: error: unknown type name 'size_t'
 ZSTDLIB_API unsigned long long ZSTD_getFrameContentSize(const void *src, size_t srcSize);
                                                                          ^
deps/libchdr/src/../deps/zstd-1.5.7/zstd.h:214:74: error: unknown type name 'size_t'
 ZSTDLIB_API unsigned long long ZSTD_getDecompressedSize(const void* src, size_t srcSize);
                                                                          ^
deps/libchdr/src/../deps/zstd-1.5.7/zstd.h:227:13: error: unknown type name 'size_t'
 ZSTDLIB_API size_t ZSTD_findFrameCompressedSize(const void* src, size_t srcSize);
             ^
deps/libchdr/src/../deps/zstd-1.5.7/zstd.h:227:66: error: unknown type name 'size_t'
 ZSTDLIB_API size_t ZSTD_findFrameCompressedSize(const void* src, size_t srcSize);
                                                                  ^
In file included from deps/libchdr/src/codec_zstd.h:9:0,
                 from deps/libchdr/src/libchdr_codec_zstd.c:1:
deps/libchdr/src/../deps/zstd-1.5.7/zstd.h:250:13: error: unknown type name 'size_t'
 ZSTDLIB_API size_t ZSTD_compressBound(size_t srcSize); /*!< maximum compressed size in worst case single-pass scenario */
             ^
deps/libchdr/src/../deps/zstd-1.5.7/zstd.h:250:39: error: unknown type name 'size_t'
 ZSTDLIB_API size_t ZSTD_compressBound(size_t srcSize); /*!< maximum compressed size in worst case single-pass scenario */
                                       ^
deps/libchdr/src/../deps/zstd-1.5.7/zstd.h:259:39: error: unknown type name 'size_t'
 ZSTDLIB_API unsigned     ZSTD_isError(size_t result);      /*!< tells if a `size_t` function result is an error code */
                                       ^
deps/libchdr/src/../deps/zstd-1.5.7/zstd.h:260:46: error: unknown type name 'size_t'
 ZSTDLIB_API ZSTD_ErrorCode ZSTD_getErrorCode(size_t functionResult); /* convert a result into an error code, which can be compared to error enum list */
                                              ^
deps/libchdr/src/../deps/zstd-1.5.7/zstd.h:261:44: error: unknown type name 'size_t'
 ZSTDLIB_API const char*  ZSTD_getErrorName(size_t result); /*!< provides readable string from a function result */
                                            ^
deps/libchdr/src/../deps/zstd-1.5.7/zstd.h:282:13: error: unknown type name 'size_t'
 ZSTDLIB_API size_t     ZSTD_freeCCtx(ZSTD_CCtx* cctx);  /* compatible with NULL pointer */
             ^
deps/libchdr/src/../deps/zstd-1.5.7/zstd.h:292:13: error: unknown type name 'size_t'
 ZSTDLIB_API size_t ZSTD_compressCCtx(ZSTD_CCtx* cctx,
             ^
deps/libchdr/src/../deps/zstd-1.5.7/zstd.h:293:49: error: unknown type name 'size_t'
                                      void* dst, size_t dstCapacity,
                                                 ^
deps/libchdr/src/../deps/zstd-1.5.7/zstd.h:294:49: error: unknown type name 'size_t'
                                const void* src, size_t srcSize,
                                                 ^
deps/libchdr/src/../deps/zstd-1.5.7/zstd.h:305:13: error: unknown type name 'size_t'
 ZSTDLIB_API size_t     ZSTD_freeDCtx(ZSTD_DCtx* dctx);  /* accept NULL pointer */
             ^
deps/libchdr/src/../deps/zstd-1.5.7/zstd.h:312:13: error: unknown type name 'size_t'
 ZSTDLIB_API size_t ZSTD_decompressDCtx(ZSTD_DCtx* dctx,
             ^
deps/libchdr/src/../deps/zstd-1.5.7/zstd.h:313:51: error: unknown type name 'size_t'
                                        void* dst, size_t dstCapacity,
                                                   ^
deps/libchdr/src/../deps/zstd-1.5.7/zstd.h:314:51: error: unknown type name 'size_t'
                                  const void* src, size_t srcSize);
                                                   ^
deps/libchdr/src/../deps/zstd-1.5.7/zstd.h:545:5: error: unknown type name 'size_t'
     size_t error;
     ^
deps/libchdr/src/../deps/zstd-1.5.7/zstd.h:570:13: error: unknown type name 'size_t'
 ZSTDLIB_API size_t ZSTD_CCtx_setParameter(ZSTD_CCtx* cctx, ZSTD_cParameter param, int value);
             ^
deps/libchdr/src/../deps/zstd-1.5.7/zstd.h:587:13: error: unknown type name 'size_t'
 ZSTDLIB_API size_t ZSTD_CCtx_setPledgedSrcSize(ZSTD_CCtx* cctx, unsigned long long pledgedSrcSize);
             ^
deps/libchdr/src/../deps/zstd-1.5.7/zstd.h:609:13: error: unknown type name 'size_t'
 ZSTDLIB_API size_t ZSTD_CCtx_reset(ZSTD_CCtx* cctx, ZSTD_ResetDirective reset);
             ^
deps/libchdr/src/../deps/zstd-1.5.7/zstd.h:623:13: error: unknown type name 'size_t'
 ZSTDLIB_API size_t ZSTD_compress2( ZSTD_CCtx* cctx,
             ^
deps/libchdr/src/../deps/zstd-1.5.7/zstd.h:624:47: error: unknown type name 'size_t'
                                    void* dst, size_t dstCapacity,
                                               ^
deps/libchdr/src/../deps/zstd-1.5.7/zstd.h:625:47: error: unknown type name 'size_t'
                              const void* src, size_t srcSize);
                                               ^
deps/libchdr/src/../deps/zstd-1.5.7/zstd.h:686:13: error: unknown type name 'size_t'
 ZSTDLIB_API size_t ZSTD_DCtx_setParameter(ZSTD_DCtx* dctx, ZSTD_dParameter param, int value);
             ^
deps/libchdr/src/../deps/zstd-1.5.7/zstd.h:694:13: error: unknown type name 'size_t'
 ZSTDLIB_API size_t ZSTD_DCtx_reset(ZSTD_DCtx* dctx, ZSTD_ResetDirective reset);
             ^
deps/libchdr/src/../deps/zstd-1.5.7/zstd.h:703:3: error: unknown type name 'size_t'
   size_t size;        /**< size of input buffer */
   ^
deps/libchdr/src/../deps/zstd-1.5.7/zstd.h:704:3: error: unknown type name 'size_t'
   size_t pos;         /**< position where reading stopped. Will be updated. Necessarily 0 <= pos <= size */
   ^
deps/libchdr/src/../deps/zstd-1.5.7/zstd.h:709:3: error: unknown type name 'size_t'
   size_t size;        /**< size of output buffer */
   ^
deps/libchdr/src/../deps/zstd-1.5.7/zstd.h:710:3: error: unknown type name 'size_t'
   size_t pos;         /**< position where writing stopped. Will be updated. Necessarily 0 <= pos <= size */
   ^
deps/libchdr/src/../deps/zstd-1.5.7/zstd.h:780:13: error: unknown type name 'size_t'
 ZSTDLIB_API size_t ZSTD_freeCStream(ZSTD_CStream* zcs);  /* accept NULL pointer */
             ^
deps/libchdr/src/../deps/zstd-1.5.7/zstd.h:823:13: error: unknown type name 'size_t'
 ZSTDLIB_API size_t ZSTD_compressStream2( ZSTD_CCtx* cctx,
             ^
deps/libchdr/src/../deps/zstd-1.5.7/zstd.h:842:13: error: unknown type name 'size_t'
 ZSTDLIB_API size_t ZSTD_CStreamInSize(void);    /**< recommended size for input buffer */
             ^
deps/libchdr/src/../deps/zstd-1.5.7/zstd.h:843:13: error: unknown type name 'size_t'
 ZSTDLIB_API size_t ZSTD_CStreamOutSize(void);   /**< recommended size for output buffer. Guarantee to successfully flush at least one complete compressed block. */
             ^
deps/libchdr/src/../deps/zstd-1.5.7/zstd.h:862:13: error: unknown type name 'size_t'
 ZSTDLIB_API size_t ZSTD_initCStream(ZSTD_CStream* zcs, int compressionLevel);
             ^
deps/libchdr/src/../deps/zstd-1.5.7/zstd.h:869:13: error: unknown type name 'size_t'
 ZSTDLIB_API size_t ZSTD_compressStream(ZSTD_CStream* zcs, ZSTD_outBuffer* output, ZSTD_inBuffer* input);
             ^
deps/libchdr/src/../deps/zstd-1.5.7/zstd.h:871:13: error: unknown type name 'size_t'
 ZSTDLIB_API size_t ZSTD_flushStream(ZSTD_CStream* zcs, ZSTD_outBuffer* output);
             ^
deps/libchdr/src/../deps/zstd-1.5.7/zstd.h:873:13: error: unknown type name 'size_t'
 ZSTDLIB_API size_t ZSTD_endStream(ZSTD_CStream* zcs, ZSTD_outBuffer* output);
             ^
deps/libchdr/src/../deps/zstd-1.5.7/zstd.h:912:13: error: unknown type name 'size_t'
 ZSTDLIB_API size_t ZSTD_freeDStream(ZSTD_DStream* zds);  /* accept NULL pointer */
             ^
deps/libchdr/src/../deps/zstd-1.5.7/zstd.h:924:13: error: unknown type name 'size_t'
 ZSTDLIB_API size_t ZSTD_initDStream(ZSTD_DStream* zds);
             ^
deps/libchdr/src/../deps/zstd-1.5.7/zstd.h:948:13: error: unknown type name 'size_t'
 ZSTDLIB_API size_t ZSTD_decompressStream(ZSTD_DStream* zds, ZSTD_outBuffer* output, ZSTD_inBuffer* input);
             ^
deps/libchdr/src/../deps/zstd-1.5.7/zstd.h:950:13: error: unknown type name 'size_t'
 ZSTDLIB_API size_t ZSTD_DStreamInSize(void);    /*!< recommended size for input buffer */
             ^
deps/libchdr/src/../deps/zstd-1.5.7/zstd.h:951:13: error: unknown type name 'size_t'
 ZSTDLIB_API size_t ZSTD_DStreamOutSize(void);   /*!< recommended size for output buffer. Guarantee to successfully flush at least one complete block in all circumstances. */
             ^
deps/libchdr/src/../deps/zstd-1.5.7/zstd.h:964:13: error: unknown type name 'size_t'
 ZSTDLIB_API size_t ZSTD_compress_usingDict(ZSTD_CCtx* ctx,
             ^
deps/libchdr/src/../deps/zstd-1.5.7/zstd.h:965:55: error: unknown type name 'size_t'
                                            void* dst, size_t dstCapacity,
                                                       ^
deps/libchdr/src/../deps/zstd-1.5.7/zstd.h:966:55: error: unknown type name 'size_t'
                                      const void* src, size_t srcSize,
                                                       ^
deps/libchdr/src/../deps/zstd-1.5.7/zstd.h:967:55: error: unknown type name 'size_t'
                                      const void* dict,size_t dictSize,
                                                       ^
deps/libchdr/src/../deps/zstd-1.5.7/zstd.h:976:13: error: unknown type name 'size_t'
 ZSTDLIB_API size_t ZSTD_decompress_usingDict(ZSTD_DCtx* dctx,
             ^
deps/libchdr/src/../deps/zstd-1.5.7/zstd.h:977:57: error: unknown type name 'size_t'
                                              void* dst, size_t dstCapacity,
                                                         ^
deps/libchdr/src/../deps/zstd-1.5.7/zstd.h:978:57: error: unknown type name 'size_t'
                                        const void* src, size_t srcSize,
                                                         ^
deps/libchdr/src/../deps/zstd-1.5.7/zstd.h:979:57: error: unknown type name 'size_t'
                                        const void* dict,size_t dictSize);
                                                         ^
deps/libchdr/src/../deps/zstd-1.5.7/zstd.h:999:66: error: unknown type name 'size_t'
 ZSTDLIB_API ZSTD_CDict* ZSTD_createCDict(const void* dictBuffer, size_t dictSize,
                                                                  ^
deps/libchdr/src/../deps/zstd-1.5.7/zstd.h:1005:13: error: unknown type name 'size_t'
 ZSTDLIB_API size_t      ZSTD_freeCDict(ZSTD_CDict* CDict);
             ^
deps/libchdr/src/../deps/zstd-1.5.7/zstd.h:1012:13: error: unknown type name 'size_t'
 ZSTDLIB_API size_t ZSTD_compress_usingCDict(ZSTD_CCtx* cctx,
             ^
deps/libchdr/src/../deps/zstd-1.5.7/zstd.h:1013:56: error: unknown type name 'size_t'
                                             void* dst, size_t dstCapacity,
                                                        ^
deps/libchdr/src/../deps/zstd-1.5.7/zstd.h:1014:56: error: unknown type name 'size_t'
                                       const void* src, size_t srcSize,
                                                        ^
deps/libchdr/src/../deps/zstd-1.5.7/zstd.h:1023:66: error: unknown type name 'size_t'
 ZSTDLIB_API ZSTD_DDict* ZSTD_createDDict(const void* dictBuffer, size_t dictSize);
                                                                  ^
deps/libchdr/src/../deps/zstd-1.5.7/zstd.h:1028:13: error: unknown type name 'size_t'
 ZSTDLIB_API size_t      ZSTD_freeDDict(ZSTD_DDict* ddict);
             ^
deps/libchdr/src/../deps/zstd-1.5.7/zstd.h:1033:13: error: unknown type name 'size_t'
 ZSTDLIB_API size_t ZSTD_decompress_usingDDict(ZSTD_DCtx* dctx,
             ^
deps/libchdr/src/../deps/zstd-1.5.7/zstd.h:1034:58: error: unknown type name 'size_t'
                                               void* dst, size_t dstCapacity,
                                                          ^
deps/libchdr/src/../deps/zstd-1.5.7/zstd.h:1035:58: error: unknown type name 'size_t'
                                         const void* src, size_t srcSize,
                                                          ^
deps/libchdr/src/../deps/zstd-1.5.7/zstd.h:1047:64: error: unknown type name 'size_t'
 ZSTDLIB_API unsigned ZSTD_getDictID_fromDict(const void* dict, size_t dictSize);
                                                                ^
deps/libchdr/src/../deps/zstd-1.5.7/zstd.h:1071:64: error: unknown type name 'size_t'
 ZSTDLIB_API unsigned ZSTD_getDictID_fromFrame(const void* src, size_t srcSize);
                                                                ^
deps/libchdr/src/../deps/zstd-1.5.7/zstd.h:1108:13: error: unknown type name 'size_t'
 ZSTDLIB_API size_t ZSTD_CCtx_loadDictionary(ZSTD_CCtx* cctx, const void* dict, size_t dictSize);
             ^
deps/libchdr/src/../deps/zstd-1.5.7/zstd.h:1108:80: error: unknown type name 'size_t'
 ZSTDLIB_API size_t ZSTD_CCtx_loadDictionary(ZSTD_CCtx* cctx, const void* dict, size_t dictSize);
                                                                                ^
deps/libchdr/src/../deps/zstd-1.5.7/zstd.h:1122:13: error: unknown type name 'size_t'
 ZSTDLIB_API size_t ZSTD_CCtx_refCDict(ZSTD_CCtx* cctx, const ZSTD_CDict* cdict);
             ^
deps/libchdr/src/../deps/zstd-1.5.7/zstd.h:1143:13: error: unknown type name 'size_t'
 ZSTDLIB_API size_t ZSTD_CCtx_refPrefix(ZSTD_CCtx* cctx,
             ^
deps/libchdr/src/../deps/zstd-1.5.7/zstd.h:1144:54: error: unknown type name 'size_t'
                                  const void* prefix, size_t prefixSize);
                                                      ^
deps/libchdr/src/../deps/zstd-1.5.7/zstd.h:1161:13: error: unknown type name 'size_t'
 ZSTDLIB_API size_t ZSTD_DCtx_loadDictionary(ZSTD_DCtx* dctx, const void* dict, size_t dictSize);
             ^
deps/libchdr/src/../deps/zstd-1.5.7/zstd.h:1161:80: error: unknown type name 'size_t'
 ZSTDLIB_API size_t ZSTD_DCtx_loadDictionary(ZSTD_DCtx* dctx, const void* dict, size_t dictSize);
                                                                                ^
deps/libchdr/src/../deps/zstd-1.5.7/zstd.h:1180:13: error: unknown type name 'size_t'
 ZSTDLIB_API size_t ZSTD_DCtx_refDDict(ZSTD_DCtx* dctx, const ZSTD_DDict* ddict);
             ^
deps/libchdr/src/../deps/zstd-1.5.7/zstd.h:1198:13: error: unknown type name 'size_t'
 ZSTDLIB_API size_t ZSTD_DCtx_refPrefix(ZSTD_DCtx* dctx,
             ^
deps/libchdr/src/../deps/zstd-1.5.7/zstd.h:1199:54: error: unknown type name 'size_t'
                                  const void* prefix, size_t prefixSize);
                                                      ^
deps/libchdr/src/../deps/zstd-1.5.7/zstd.h:1206:13: error: unknown type name 'size_t'
 ZSTDLIB_API size_t ZSTD_sizeof_CCtx(const ZSTD_CCtx* cctx);
             ^
deps/libchdr/src/../deps/zstd-1.5.7/zstd.h:1207:13: error: unknown type name 'size_t'
 ZSTDLIB_API size_t ZSTD_sizeof_DCtx(const ZSTD_DCtx* dctx);
             ^
deps/libchdr/src/../deps/zstd-1.5.7/zstd.h:1208:13: error: unknown type name 'size_t'
 ZSTDLIB_API size_t ZSTD_sizeof_CStream(const ZSTD_CStream* zcs);
             ^
deps/libchdr/src/../deps/zstd-1.5.7/zstd.h:1209:13: error: unknown type name 'size_t'
 ZSTDLIB_API size_t ZSTD_sizeof_DStream(const ZSTD_DStream* zds);
             ^
deps/libchdr/src/../deps/zstd-1.5.7/zstd.h:1210:13: error: unknown type name 'size_t'
 ZSTDLIB_API size_t ZSTD_sizeof_CDict(const ZSTD_CDict* cdict);
             ^
deps/libchdr/src/../deps/zstd-1.5.7/zstd.h:1211:13: error: unknown type name 'size_t'
 ZSTDLIB_API size_t ZSTD_sizeof_DDict(const ZSTD_DDict* ddict);
             ^
deps/libchdr/src/libchdr_codec_zstd.c: In function 'zstd_codec_decompress':
deps/libchdr/src/libchdr_codec_zstd.c:55:2: warning: implicit declaration of function 'ZSTD_isError' [-Wimplicit-function-declaration]
  if (ZSTD_isError(zstd_res)) 
  ^
make: *** [deps/libchdr/src/libchdr_codec_zstd.o] Error 1
make: *** Waiting for unfinished jobs....
/bin/sh: 1: git: not found
TARGET:      pcsx_rearmed_libretro_qnx.so
platform:    qnx
ARCH:        arm
DYNAREC:     ari64
BUILTIN_GPU: neon
NEON_ASM:    1
CC:          arm-unknown-nto-qnx6.5.0eabi-gcc : arm-unknown-nto-qnx6.5.0eabi-gcc (GCC) 4.9.4
CFLAGS:       -D__BLACKBERRY_QNX__ -marm -mcpu=cortex-a9 -mtune=cortex-a9 -mfpu=neon -mfloat-abi=softfp -fno-tree-vectorize -DDR_FLAC_NO_SIMD -fPIC -D_FILE_OFFSET_BITS=64 
MAIN_LDLIBS: -lsocket    

/bin/sh: 1: git: not found
arm-unknown-nto-qnx6.5.0eabi-gcc   -D__BLACKBERRY_QNX__ -marm -mcpu=cortex-a9 -mtune=cortex-a9 -mfpu=neon -mfloat-abi=softfp -fno-tree-vectorize -DDR_FLAC_NO_SIMD -fPIC -D_FILE_OFFSET_BITS=64  -Wall -Iinclude -ffast-math -Ofast -DNDEBUG -ffunction-sections -fdata-sections -DP_HAVE_MMAP=1 -DP_HAVE_POSIX_MEMALIGN=1 -DDISABLE_MEM_LUTS=0 -DGPU_NEON -DHAVE_CHD -Ideps/libchdr/include -Ideps/libchdr/deps/miniz-3.1.1 -DUSE_MINIZ -DHAVE_LIBRETRO -Ideps/libretro-common/include -DNO_FRONTEND  -Wno-unused -Wno-unused-function -Ideps/libchdr/deps/lzma-25.01/include -include stddef.h -MMD -MP -c deps/libchdr/src/libchdr_codec_zstd.c -o deps/libchdr/src/libchdr_codec_zstd.o
arm-unknown-nto-qnx6.5.0eabi-gcc   -D__BLACKBERRY_QNX__ -marm -mcpu=cortex-a9 -mtune=cortex-a9 -mfpu=neon -mfloat-abi=softfp -fno-tree-vectorize -DDR_FLAC_NO_SIMD -fPIC -D_FILE_OFFSET_BITS=64  -Wall -Iinclude -ffast-math -Ofast -DNDEBUG -ffunction-sections -fdata-sections -DP_HAVE_MMAP=1 -DP_HAVE_POSIX_MEMALIGN=1 -DDISABLE_MEM_LUTS=0 -DGPU_NEON -DHAVE_CHD -Ideps/libchdr/include -Ideps/libchdr/deps/miniz-3.1.1 -DUSE_MINIZ -DHAVE_LIBRETRO -Ideps/libretro-common/include -DNO_FRONTEND  -Wno-unused -Wno-unused-function -include stddef.h -MMD -MP -c deps/libchdr/deps/lzma-25.01/src/LzmaDec.c -o deps/libchdr/deps/lzma-25.01/src/LzmaDec.o
arm-unknown-nto-qnx6.5.0eabi-gcc   -D__BLACKBERRY_QNX__ -marm -mcpu=cortex-a9 -mtune=cortex-a9 -mfpu=neon -mfloat-abi=softfp -fno-tree-vectorize -DDR_FLAC_NO_SIMD -fPIC -D_FILE_OFFSET_BITS=64  -Wall -Iinclude -ffast-math -Ofast -DNDEBUG -ffunction-sections -fdata-sections -DP_HAVE_MMAP=1 -DP_HAVE_POSIX_MEMALIGN=1 -DDISABLE_MEM_LUTS=0 -DGPU_NEON -DHAVE_CHD -Ideps/libchdr/include -Ideps/libchdr/deps/miniz-3.1.1 -DUSE_MINIZ -DHAVE_LIBRETRO -Ideps/libretro-common/include -DNO_FRONTEND  -Wno-unused -Wno-unused-function -include stddef.h -MMD -MP -c deps/libchdr/deps/zstd-1.5.7/zstddeclib.c -o deps/libchdr/deps/zstd-1.5.7/zstddeclib.o
arm-unknown-nto-qnx6.5.0eabi-gcc   -D__BLACKBERRY_QNX__ -marm -mcpu=cortex-a9 -mtune=cortex-a9 -mfpu=neon -mfloat-abi=softfp -fno-tree-vectorize -DDR_FLAC_NO_SIMD -fPIC -D_FILE_OFFSET_BITS=64  -Wall -Iinclude -ffast-math -Ofast -DNDEBUG -ffunction-sections -fdata-sections -DP_HAVE_MMAP=1 -DP_HAVE_POSIX_MEMALIGN=1 -DDISABLE_MEM_LUTS=0 -DGPU_NEON -DHAVE_CHD -Ideps/libchdr/include -Ideps/libchdr/deps/miniz-3.1.1 -DUSE_MINIZ -DHAVE_LIBRETRO -Ideps/libretro-common/include -DNO_FRONTEND  -Wno-unused -Wno-unused-function -include stddef.h -DMINIZ_NO_STDIO -DMINIZ_NO_DEFLATE_APIS -DMINIZ_NO_ARCHIVE_APIS -MMD -MP -c deps/libchdr/deps/miniz-3.1.1/miniz.c -o deps/libchdr/deps/miniz-3.1.1/miniz.o
arm-unknown-nto-qnx6.5.0eabi-gcc   -D__BLACKBERRY_QNX__ -marm -mcpu=cortex-a9 -mtune=cortex-a9 -mfpu=neon -mfloat-abi=softfp -fno-tree-vectorize -DDR_FLAC_NO_SIMD -fPIC -D_FILE_OFFSET_BITS=64  -Wall -Iinclude -ffast-math -Ofast -DNDEBUG -ffunction-sections -fdata-sections -DP_HAVE_MMAP=1 -DP_HAVE_POSIX_MEMALIGN=1 -DDISABLE_MEM_LUTS=0 -DGPU_NEON -DHAVE_CHD -Ideps/libchdr/include -Ideps/libchdr/deps/miniz-3.1.1 -DUSE_MINIZ -DHAVE_LIBRETRO -Ideps/libretro-common/include -DNO_FRONTEND  -DHAVE_bgr555_to_rgb565 -DHAVE_bgr888_to_x -MMD -MP -c frontend/cspace.c -o frontend/cspace.o
arm-unknown-nto-qnx6.5.0eabi-gcc   -D__BLACKBERRY_QNX__ -marm -mcpu=cortex-a9 -mtune=cortex-a9 -mfpu=neon -mfloat-abi=softfp -fno-tree-vectorize -DDR_FLAC_NO_SIMD -fPIC -D_FILE_OFFSET_BITS=64  -Wall -Iinclude -ffast-math -Ofast -DNDEBUG -ffunction-sections -fdata-sections -DP_HAVE_MMAP=1 -DP_HAVE_POSIX_MEMALIGN=1 -DDISABLE_MEM_LUTS=0 -DGPU_NEON -DHAVE_CHD -Ideps/libchdr/include -Ideps/libchdr/deps/miniz-3.1.1 -DUSE_MINIZ -DHAVE_LIBRETRO -Ideps/libretro-common/include -DNO_FRONTEND  -MMD -MP -c frontend/cspace_neon.S -o frontend/cspace_neon.o
arm-unknown-nto-qnx6.5.0eabi-gcc   -D__BLACKBERRY_QNX__ -marm -mcpu=cortex-a9 -mtune=cortex-a9 -mfpu=neon -mfloat-abi=softfp -fno-tree-vectorize -DDR_FLAC_NO_SIMD -fPIC -D_FILE_OFFSET_BITS=64  -Wall -Iinclude -ffast-math -Ofast -DNDEBUG -ffunction-sections -fdata-sections -DP_HAVE_MMAP=1 -DP_HAVE_POSIX_MEMALIGN=1 -DDISABLE_MEM_LUTS=0 -DGPU_NEON -DHAVE_CHD -Ideps/libchdr/include -Ideps/libchdr/deps/miniz-3.1.1 -DUSE_MINIZ -DHAVE_LIBRETRO -Ideps/libretro-common/include -DNO_FRONTEND  -DUSE_ASYNC_CDROM -DUSE_ASYNC_GPU -DUSE_ASYNC_SPU -DNDRC_THREAD -MMD -MP -c frontend/libretro.c -o frontend/libretro.o
arm-unknown-nto-qnx6.5.0eabi-gcc   -D__BLACKBERRY_QNX__ -marm -mcpu=cortex-a9 -mtune=cortex-a9 -mfpu=neon -mfloat-abi=softfp -fno-tree-vectorize -DDR_FLAC_NO_SIMD -fPIC -D_FILE_OFFSET_BITS=64  -Wall -Iinclude -ffast-math -Ofast -DNDEBUG -ffunction-sections -fdata-sections -DP_HAVE_MMAP=1 -DP_HAVE_POSIX_MEMALIGN=1 -DDISABLE_MEM_LUTS=0 -DGPU_NEON -DHAVE_CHD -Ideps/libchdr/include -Ideps/libchdr/deps/miniz-3.1.1 -DUSE_MINIZ -DHAVE_LIBRETRO -Ideps/libretro-common/include -DNO_FRONTEND  -MMD -MP -c frontend/pcsxr-threads.c -o frontend/pcsxr-threads.o
arm-unknown-nto-qnx6.5.0eabi-gcc   -D__BLACKBERRY_QNX__ -marm -mcpu=cortex-a9 -mtune=cortex-a9 -mfpu=neon -mfloat-abi=softfp -fno-tree-vectorize -DDR_FLAC_NO_SIMD -fPIC -D_FILE_OFFSET_BITS=64  -Wall -Iinclude -ffast-math -Ofast -DNDEBUG -ffunction-sections -fdata-sections -DP_HAVE_MMAP=1 -DP_HAVE_POSIX_MEMALIGN=1 -DDISABLE_MEM_LUTS=0 -DGPU_NEON -DHAVE_CHD -Ideps/libchdr/include -Ideps/libchdr/deps/miniz-3.1.1 -DUSE_MINIZ -DHAVE_LIBRETRO -Ideps/libretro-common/include -DNO_FRONTEND  -Wno-unused -Wno-unused-function -MMD -MP -c deps/libretro-common/features/features_cpu.c -o deps/libretro-common/features/features_cpu.o
frontend/libretro.c: In function 'strcasestr':
frontend/libretro.c:1770:7: warning: implicit declaration of function 'tolower' [-Wimplicit-function-declaration]
       c = tolower((unsigned char)c);
       ^
arm-unknown-nto-qnx6.5.0eabi-gcc   -D__BLACKBERRY_QNX__ -marm -mcpu=cortex-a9 -mtune=cortex-a9 -mfpu=neon -mfloat-abi=softfp -fno-tree-vectorize -DDR_FLAC_NO_SIMD -fPIC -D_FILE_OFFSET_BITS=64  -Wall -Iinclude -ffast-math -Ofast -DNDEBUG -ffunction-sections -fdata-sections -DP_HAVE_MMAP=1 -DP_HAVE_POSIX_MEMALIGN=1 -DDISABLE_MEM_LUTS=0 -DGPU_NEON -DHAVE_CHD -Ideps/libchdr/include -Ideps/libchdr/deps/miniz-3.1.1 -DUSE_MINIZ -DHAVE_LIBRETRO -Ideps/libretro-common/include -DNO_FRONTEND  -DHAVE_RTHREADS -DBUILTIN_GPU=neon -MMD -MP -c frontend/main.c -o frontend/main.o
arm-unknown-nto-qnx6.5.0eabi-gcc   -D__BLACKBERRY_QNX__ -marm -mcpu=cortex-a9 -mtune=cortex-a9 -mfpu=neon -mfloat-abi=softfp -fno-tree-vectorize -DDR_FLAC_NO_SIMD -fPIC -D_FILE_OFFSET_BITS=64  -Wall -Iinclude -ffast-math -Ofast -DNDEBUG -ffunction-sections -fdata-sections -DP_HAVE_MMAP=1 -DP_HAVE_POSIX_MEMALIGN=1 -DDISABLE_MEM_LUTS=0 -DGPU_NEON -DHAVE_CHD -Ideps/libchdr/include -Ideps/libchdr/deps/miniz-3.1.1 -DUSE_MINIZ -DHAVE_LIBRETRO -Ideps/libretro-common/include -DNO_FRONTEND  -MMD -MP -c frontend/plugin.c -o frontend/plugin.o
arm-unknown-nto-qnx6.5.0eabi-gcc   -D__BLACKBERRY_QNX__ -marm -mcpu=cortex-a9 -mtune=cortex-a9 -mfpu=neon -mfloat-abi=softfp -fno-tree-vectorize -DDR_FLAC_NO_SIMD -fPIC -D_FILE_OFFSET_BITS=64  -Wall -Iinclude -ffast-math -Ofast -DNDEBUG -ffunction-sections -fdata-sections -DP_HAVE_MMAP=1 -DP_HAVE_POSIX_MEMALIGN=1 -DDISABLE_MEM_LUTS=0 -DGPU_NEON -DHAVE_CHD -Ideps/libchdr/include -Ideps/libchdr/deps/miniz-3.1.1 -DUSE_MINIZ -DHAVE_LIBRETRO -Ideps/libretro-common/include -DNO_FRONTEND  -DBUILTIN_GPU=neon -MMD -MP -c libpcsxcore/misc.c -o libpcsxcore/misc.o
/tmp/ccQXjBdB.s: Assembler messages:
/tmp/ccQXjBdB.s:641: Error: bad instruction `vmrs r1,fpscr'
/tmp/ccQXjBdB.s:652: Error: bad instruction `vmsr fpscr,r1'
make: *** [frontend/main.o] Error 1
make: *** Waiting for unfinished jobs....
/bin/sh: 1: git: not found
TARGET:      pcsx_rearmed_libretro_qnx.so
platform:    qnx
ARCH:        arm
DYNAREC:     ari64
BUILTIN_GPU: neon
NEON_ASM:    1
CC:          arm-unknown-nto-qnx6.5.0eabi-gcc : arm-unknown-nto-qnx6.5.0eabi-gcc (GCC) 4.9.4
CFLAGS:       -D__BLACKBERRY_QNX__ -marm -mcpu=cortex-a9 -mtune=cortex-a9 -mfpu=neon -mfloat-abi=softfp -fno-tree-vectorize -DDR_FLAC_NO_SIMD -fPIC -D_FILE_OFFSET_BITS=64 
MAIN_LDLIBS: -lsocket    

/bin/sh: 1: git: not found
arm-unknown-nto-qnx6.5.0eabi-gcc   -D__BLACKBERRY_QNX__ -marm -mcpu=cortex-a9 -mtune=cortex-a9 -mfpu=neon -mfloat-abi=softfp -fno-tree-vectorize -DDR_FLAC_NO_SIMD -fPIC -D_FILE_OFFSET_BITS=64  -Wall -Iinclude -ffast-math -Ofast -DNDEBUG -ffunction-sections -fdata-sections -DP_HAVE_MMAP=1 -DP_HAVE_POSIX_MEMALIGN=1 -DDISABLE_MEM_LUTS=0 -DGPU_NEON -DHAVE_CHD -Ideps/libchdr/include -Ideps/libchdr/deps/miniz-3.1.1 -DUSE_MINIZ -DHAVE_LIBRETRO -Ideps/libretro-common/include -DNO_FRONTEND  -DHAVE_RTHREADS -DBUILTIN_GPU=neon -MMD -MP -c frontend/main.c -o frontend/main.o
arm-unknown-nto-qnx6.5.0eabi-gcc  -D__BLACKBERRY_QNX__ -marm -mcpu=cortex-a9 -mtune=cortex-a9 -mfpu=neon -mfloat-abi=softfp -fno-tree-vectorize -DDR_FLAC_NO_SIMD -fPIC -D_FILE_OFFSET_BITS=64  -Wall -Iinclude -ffast-math -Ofast -DNDEBUG -ffunction-sections -fdata-sections -DP_HAVE_MMAP=1 -DP_HAVE_POSIX_MEMALIGN=1 -DDISABLE_MEM_LUTS=0 -DGPU_NEON -DHAVE_CHD -Ideps/libchdr/include -Ideps/libchdr/deps/miniz-3.1.1 -DUSE_MINIZ -DHAVE_LIBRETRO -Ideps/libretro-common/include -DNO_FRONTEND  -o pcsx_rearmed_libretro_qnx.so libpcsxcore/cdriso.o libpcsxcore/cdrom.o libpcsxcore/cdrom-async.o libpcsxcore/cheat.o libpcsxcore/database.o libpcsxcore/decode_xa.o libpcsxcore/mdec.o libpcsxcore/misc.o libpcsxcore/plugins.o libpcsxcore/ppf.o libpcsxcore/psxbios.o libpcsxcore/psxcommon.o libpcsxcore/psxcounters.o libpcsxcore/psxdma.o libpcsxcore/psxhw.o libpcsxcore/psxinterpreter.o libpcsxcore/psxmem.o libpcsxcore/psxevents.o libpcsxcore/r3000a.o libpcsxcore/sio.o libpcsxcore/spu.o libpcsxcore/gpu.o libpcsxcore/pad.o libpcsxcore/gte.o libpcsxcore/gte_nf.o libpcsxcore/gte_divider.o libpcsxcore/gte_arm.o libpcsxcore/gte_nf_arm.o libpcsxcore/gte_neon.o libpcsxcore/gte_nf_neon.o libpcsxcore/new_dynarec/new_dynarec.o libpcsxcore/new_dynarec/pcsxmem.o libpcsxcore/new_dynarec/linkage_arm.o libpcsxcore/new_dynarec/emu_if.o plugins/dfsound/dma.o plugins/dfsound/freeze.o plugins/dfsound/registers.o plugins/dfsound/spu.o plugins/dfsound/out.o plugins/dfsound/nullsnd.o plugins/dfsound/arm_utils.o plugins/gpulib/gpu.o plugins/gpulib/vout_pl.o plugins/gpulib/prim.o plugins/gpulib/gpu_async.o plugins/gpu_neon/psx_gpu_if.o plugins/gpu_neon/psx_gpu/psx_gpu_arm_neon.o deps/libchdr/src/libchdr_bitstream.o deps/libchdr/src/libchdr_cdrom.o deps/libchdr/src/libchdr_chd.o deps/libchdr/src/libchdr_codec_cdfl.o deps/libchdr/src/libchdr_codec_cdlz.o deps/libchdr/src/libchdr_codec_cdzl.o deps/libchdr/src/libchdr_codec_cdzs.o deps/libchdr/src/libchdr_codec_flac.o deps/libchdr/src/libchdr_codec_huff.o deps/libchdr/src/libchdr_codec_lzma.o deps/libchdr/src/libchdr_codec_zlib.o deps/libchdr/src/libchdr_codec_zstd.o deps/libchdr/src/libchdr_flac.o deps/libchdr/src/libchdr_huffman.o deps/libchdr/deps/lzma-25.01/src/LzmaDec.o deps/libchdr/deps/zstd-1.5.7/zstddeclib.o deps/libchdr/deps/miniz-3.1.1/miniz.o frontend/cspace.o frontend/cspace_neon.o frontend/libretro.o frontend/pcsxr-threads.o deps/libretro-common/features/features_cpu.o frontend/main.o frontend/plugin.o -shared -Wl,-version-script=frontend/libretro-version-script -Wl,--no-undefined -Wl,--gc-sections -lsocket     
libpcsxcore/cdriso.o: In function `cdread_sub_mixed':
cdriso.c:(.text.cdread_sub_mixed+0x3c): undefined reference to `fseeko64'
cdriso.c:(.text.cdread_sub_mixed+0x58): undefined reference to `fread'
libpcsxcore/cdriso.o: In function `cdread_normal':
cdriso.c:(.text.cdread_normal+0x34): undefined reference to `fseeko64'
cdriso.c:(.text.cdread_normal+0x50): undefined reference to `fread'
libpcsxcore/cdriso.o: In function `cdread_2048':
cdriso.c:(.text.cdread_2048+0x38): undefined reference to `fseeko64'
cdriso.c:(.text.cdread_2048+0x4c): undefined reference to `fread'
cdriso.c:(.text.cdread_2048+0x60): undefined reference to `memset'
libpcsxcore/cdriso.o: In function `cdread_sub_chd':
cdriso.c:(.text.cdread_sub_chd+0xcc): undefined reference to `memcpy'
libpcsxcore/cdriso.o: In function `cdread_chd':
cdriso.c:(.text.cdread_chd+0xc8): undefined reference to `memcpy'
libpcsxcore/cdriso.o: In function `cdread_compressed':
cdriso.c:(.text.cdread_compressed+0xa4): undefined reference to `fseeko64'
cdriso.c:(.text.cdread_compressed+0x100): undefined reference to `fread'
cdriso.c:(.text.cdread_compressed+0x174): undefined reference to `fread'
cdriso.c:(.text.cdread_compressed+0x1b4): undefined reference to `memcpy'
cdriso.c:(.text.cdread_compressed+0x270): undefined reference to `perror'
cdriso.c:(.text.cdread_compressed+0x298): undefined reference to `perror'
libpcsxcore/cdriso.o: In function `cdread_sub_sub_mixed':
cdriso.c:(.text.cdread_sub_sub_mixed+0x38): undefined reference to `fseeko64'
cdriso.c:(.text.cdread_sub_sub_mixed+0x54): undefined reference to `fread'
cdriso.c:(.text.cdread_sub_sub_mixed+0x6c): undefined reference to `__get_errno_ptr'
libpcsxcore/cdriso.o: In function `parsetoc':
cdriso.c:(.text.parsetoc+0x30): undefined reference to `strncpy'
cdriso.c:(.text.parsetoc+0x3c): undefined reference to `strlen'
cdriso.c:(.text.parsetoc+0x64): undefined reference to `memcpy'
cdriso.c:(.text.parsetoc+0x70): undefined reference to `fopen64'
cdriso.c:(.text.parsetoc+0x9c): undefined reference to `memset'
cdriso.c:(.text.parsetoc+0xf8): undefined reference to `fgets'
cdriso.c:(.text.parsetoc+0x114): undefined reference to `strncpy'
cdriso.c:(.text.parsetoc+0x120): undefined reference to `strtok'
cdriso.c:(.text.parsetoc+0x130): undefined reference to `strcmp'
cdriso.c:(.text.parsetoc+0x144): undefined reference to `strcmp'
cdriso.c:(.text.parsetoc+0x190): undefined reference to `sscanf'
cdriso.c:(.text.parsetoc+0x1a0): undefined reference to `strtok'
cdriso.c:(.text.parsetoc+0x1b0): undefined reference to `atoi'
cdriso.c:(.text.parsetoc+0x1cc): undefined reference to `strtok'
cdriso.c:(.text.parsetoc+0x1dc): undefined reference to `atoi'
cdriso.c:(.text.parsetoc+0x1f0): undefined reference to `strtok'
cdriso.c:(.text.parsetoc+0x1fc): undefined reference to `atoi'
cdriso.c:(.text.parsetoc+0x244): undefined reference to `strcmp'
cdriso.c:(.text.parsetoc+0x25c): undefined reference to `strcmp'
cdriso.c:(.text.parsetoc+0x274): undefined reference to `strcmp'
cdriso.c:(.text.parsetoc+0x288): undefined reference to `strtok'
cdriso.c:(.text.parsetoc+0x294): undefined reference to `strchr'
cdriso.c:(.text.parsetoc+0x2ac): undefined reference to `strtok'
cdriso.c:(.text.parsetoc+0x2bc): undefined reference to `atoi'
cdriso.c:(.text.parsetoc+0x2d0): undefined reference to `strtok'
cdriso.c:(.text.parsetoc+0x2e0): undefined reference to `atoi'
cdriso.c:(.text.parsetoc+0x2f4): undefined reference to `strtok'
cdriso.c:(.text.parsetoc+0x308): undefined reference to `atoi'
cdriso.c:(.text.parsetoc+0x388): undefined reference to `strtok'
cdriso.c:(.text.parsetoc+0x3b0): undefined reference to `strncmp'
cdriso.c:(.text.parsetoc+0x3cc): undefined reference to `strncmp'
cdriso.c:(.text.parsetoc+0x400): undefined reference to `fclose'
cdriso.c:(.text.parsetoc+0x440): undefined reference to `sscanf'
cdriso.c:(.text.parsetoc+0x450): undefined reference to `strtok'
cdriso.c:(.text.parsetoc+0x460): undefined reference to `atoi'
cdriso.c:(.text.parsetoc+0x47c): undefined reference to `strtok'
cdriso.c:(.text.parsetoc+0x48c): undefined reference to `atoi'
cdriso.c:(.text.parsetoc+0x4a0): undefined reference to `strtok'
cdriso.c:(.text.parsetoc+0x4b0): undefined reference to `atoi'
cdriso.c:(.text.parsetoc+0x51c): undefined reference to `strtok'
cdriso.c:(.text.parsetoc+0x52c): undefined reference to `atoi'
cdriso.c:(.text.parsetoc+0x548): undefined reference to `strtok'
cdriso.c:(.text.parsetoc+0x558): undefined reference to `atoi'
cdriso.c:(.text.parsetoc+0x56c): undefined reference to `strtok'
cdriso.c:(.text.parsetoc+0x578): undefined reference to `atoi'
cdriso.c:(.text.parsetoc+0x5cc): undefined reference to `sscanf'
cdriso.c:(.text.parsetoc+0x630): undefined reference to `strtok'
cdriso.c:(.text.parsetoc+0x648): undefined reference to `strncmp'
cdriso.c:(.text.parsetoc+0x674): undefined reference to `strncmp'
cdriso.c:(.text.parsetoc+0x6a8): undefined reference to `strcmp'
cdriso.c:(.text.parsetoc+0x6b8): undefined reference to `strtok'
cdriso.c:(.text.parsetoc+0x6c8): undefined reference to `strchr'
cdriso.c:(.text.parsetoc+0x6e0): undefined reference to `strtok'
cdriso.c:(.text.parsetoc+0x6f0): undefined reference to `atoi'
cdriso.c:(.text.parsetoc+0x704): undefined reference to `strtok'
cdriso.c:(.text.parsetoc+0x714): undefined reference to `atoi'
cdriso.c:(.text.parsetoc+0x728): undefined reference to `strtok'
cdriso.c:(.text.parsetoc+0x738): undefined reference to `atoi'
cdriso.c:(.text.parsetoc+0x7c0): undefined reference to `strlen'
cdriso.c:(.text.parsetoc+0x7d8): undefined reference to `memcpy'
cdriso.c:(.text.parsetoc+0x7e4): undefined reference to `fopen64'
cdriso.c:(.text.parsetoc+0x800): undefined reference to `fgets'
cdriso.c:(.text.parsetoc+0x818): undefined reference to `strtok'
cdriso.c:(.text.parsetoc+0x830): undefined reference to `strncmp'
cdriso.c:(.text.parsetoc+0x848): undefined reference to `fseek'
cdriso.c:(.text.parsetoc+0x854): undefined reference to `fclose'
cdriso.c:(.text.parsetoc+0x868): undefined reference to `strcpy'
cdriso.c:(.text.parsetoc+0x870): undefined reference to `strlen'
cdriso.c:(.text.parsetoc+0x894): undefined reference to `strcmp'
cdriso.c:(.text.parsetoc+0x8b4): undefined reference to `fopen64'
libpcsxcore/cdriso.o: In function `ISOopen':
cdriso.c:(.text.ISOopen+0x5c): undefined reference to `fopen64'
cdriso.c:(.text.ISOopen+0x70): undefined reference to `__get_errno_ptr'
cdriso.c:(.text.ISOopen+0x94): undefined reference to `setvbuf'
cdriso.c:(.text.ISOopen+0xcc): undefined reference to `fileno'
cdriso.c:(.text.ISOopen+0xd4): undefined reference to `fstat64'
cdriso.c:(.text.ISOopen+0x10c): undefined reference to `snprintf'
cdriso.c:(.text.ISOopen+0x1b0): undefined reference to `strlen'
cdriso.c:(.text.ISOopen+0x1c4): undefined reference to `memcpy'
cdriso.c:(.text.ISOopen+0x1cc): undefined reference to `strlen'
cdriso.c:(.text.ISOopen+0x1dc): undefined reference to `strlen'
cdriso.c:(.text.ISOopen+0x200): undefined reference to `strcasecmp'
cdriso.c:(.text.ISOopen+0x218): undefined reference to `calloc'
cdriso.c:(.text.ISOopen+0x27c): undefined reference to `free'
cdriso.c:(.text.ISOopen+0x284): undefined reference to `free'
cdriso.c:(.text.ISOopen+0x2bc): undefined reference to `memset'
cdriso.c:(.text.ISOopen+0x2d0): undefined reference to `strncpy'
cdriso.c:(.text.ISOopen+0x2e0): undefined reference to `strlen'
cdriso.c:(.text.ISOopen+0x318): undefined reference to `sprintf'
cdriso.c:(.text.ISOopen+0x320): undefined reference to `strlen'
cdriso.c:(.text.ISOopen+0x330): undefined reference to `strcpy'
cdriso.c:(.text.ISOopen+0x630): undefined reference to `strcasecmp'
cdriso.c:(.text.ISOopen+0x660): undefined reference to `fread'
cdriso.c:(.text.ISOopen+0x69c): undefined reference to `rewind'
cdriso.c:(.text.ISOopen+0x6b4): undefined reference to `free'
cdriso.c:(.text.ISOopen+0x6c4): undefined reference to `strlen'
cdriso.c:(.text.ISOopen+0x6ec): undefined reference to `strcasecmp'
cdriso.c:(.text.ISOopen+0x704): undefined reference to `strcasecmp'
cdriso.c:(.text.ISOopen+0x728): undefined reference to `fread'
cdriso.c:(.text.ISOopen+0x744): undefined reference to `strncmp'
cdriso.c:(.text.ISOopen+0x780): undefined reference to `fseeko64'
cdriso.c:(.text.ISOopen+0x79c): undefined reference to `calloc'
cdriso.c:(.text.ISOopen+0x7e4): undefined reference to `malloc'
cdriso.c:(.text.ISOopen+0x804): undefined reference to `fread'
cdriso.c:(.text.ISOopen+0x828): undefined reference to `malloc'
cdriso.c:(.text.ISOopen+0x8bc): undefined reference to `strncpy'
cdriso.c:(.text.ISOopen+0x8c8): undefined reference to `strlen'
cdriso.c:(.text.ISOopen+0x8e8): undefined reference to `memcpy'
cdriso.c:(.text.ISOopen+0x8f8): undefined reference to `fopen64'
cdriso.c:(.text.ISOopen+0x920): undefined reference to `memset'
cdriso.c:(.text.ISOopen+0x95c): undefined reference to `fgets'
cdriso.c:(.text.ISOopen+0x974): undefined reference to `strncmp'
cdriso.c:(.text.ISOopen+0x9a0): undefined reference to `strncmp'
cdriso.c:(.text.ISOopen+0x9b8): undefined reference to `strncmp'
cdriso.c:(.text.ISOopen+0x9d0): undefined reference to `sscanf'
cdriso.c:(.text.ISOopen+0xa34): undefined reference to `sscanf'
cdriso.c:(.text.ISOopen+0xa70): undefined reference to `fclose'
cdriso.c:(.text.ISOopen+0xa9c): undefined reference to `fileno'
cdriso.c:(.text.ISOopen+0xaa4): undefined reference to `fstat64'
cdriso.c:(.text.ISOopen+0xafc): undefined reference to `strlen'
cdriso.c:(.text.ISOopen+0xb10): undefined reference to `memcpy'
cdriso.c:(.text.ISOopen+0xb1c): undefined reference to `ftello64'
cdriso.c:(.text.ISOopen+0xb3c): undefined reference to `fseeko64'
cdriso.c:(.text.ISOopen+0xb44): undefined reference to `ftello64'
cdriso.c:(.text.ISOopen+0xb60): undefined reference to `fseeko64'
cdriso.c:(.text.ISOopen+0xbdc): undefined reference to `free'
cdriso.c:(.text.ISOopen+0xbe8): undefined reference to `strlen'
cdriso.c:(.text.ISOopen+0xbfc): undefined reference to `memcpy'
cdriso.c:(.text.ISOopen+0xc34): undefined reference to `strncpy'
cdriso.c:(.text.ISOopen+0xc40): undefined reference to `strlen'
cdriso.c:(.text.ISOopen+0xc60): undefined reference to `memcpy'
cdriso.c:(.text.ISOopen+0xc70): undefined reference to `fopen64'
cdriso.c:(.text.ISOopen+0xc90): undefined reference to `strlen'
cdriso.c:(.text.ISOopen+0xca4): undefined reference to `memcpy'
cdriso.c:(.text.ISOopen+0xcb4): undefined reference to `strlen'
cdriso.c:(.text.ISOopen+0xcc8): undefined reference to `memcpy'
cdriso.c:(.text.ISOopen+0xce8): undefined reference to `memcpy'
cdriso.c:(.text.ISOopen+0xd00): undefined reference to `strncpy'
cdriso.c:(.text.ISOopen+0xd0c): undefined reference to `strlen'
cdriso.c:(.text.ISOopen+0xd38): undefined reference to `strcpy'
cdriso.c:(.text.ISOopen+0xd44): undefined reference to `fopen64'
cdriso.c:(.text.ISOopen+0xd84): undefined reference to `fseeko64'
cdriso.c:(.text.ISOopen+0xe04): undefined reference to `fread'
cdriso.c:(.text.ISOopen+0xe34): undefined reference to `strlen'
cdriso.c:(.text.ISOopen+0xe48): undefined reference to `memcpy'
cdriso.c:(.text.ISOopen+0xee8): undefined reference to `fread'
cdriso.c:(.text.ISOopen+0xf04): undefined reference to `strcmp'
cdriso.c:(.text.ISOopen+0xf1c): undefined reference to `strcmp'
cdriso.c:(.text.ISOopen+0xf5c): undefined reference to `free'
cdriso.c:(.text.ISOopen+0xf70): undefined reference to `rewind'
cdriso.c:(.text.ISOopen+0xf7c): undefined reference to `ftello64'
cdriso.c:(.text.ISOopen+0xf98): undefined reference to `fseeko64'
cdriso.c:(.text.ISOopen+0xfa0): undefined reference to `ftello64'
cdriso.c:(.text.ISOopen+0xfb8): undefined reference to `fseeko64'
cdriso.c:(.text.ISOopen+0x1334): undefined reference to `malloc'
cdriso.c:(.text.ISOopen+0x13ec): undefined reference to `memset'
cdriso.c:(.text.ISOopen+0x1468): undefined reference to `sscanf'
cdriso.c:(.text.ISOopen+0x1494): undefined reference to `strncmp'
cdriso.c:(.text.ISOopen+0x1510): undefined reference to `memset'
cdriso.c:(.text.ISOopen+0x159c): undefined reference to `sscanf'
cdriso.c:(.text.ISOopen+0x15b0): undefined reference to `strncmp'
cdriso.c:(.text.ISOopen+0x15d4): undefined reference to `strcmp'
cdriso.c:(.text.ISOopen+0x1608): undefined reference to `strncpy'
cdriso.c:(.text.ISOopen+0x1614): undefined reference to `strlen'
cdriso.c:(.text.ISOopen+0x1634): undefined reference to `memcpy'
cdriso.c:(.text.ISOopen+0x1644): undefined reference to `fopen64'
cdriso.c:(.text.ISOopen+0x1660): undefined reference to `memset'
cdriso.c:(.text.ISOopen+0x1674): undefined reference to `fread'
cdriso.c:(.text.ISOopen+0x16a8): undefined reference to `fseek'
cdriso.c:(.text.ISOopen+0x16bc): undefined reference to `fread'
cdriso.c:(.text.ISOopen+0x16f0): undefined reference to `fseek'
cdriso.c:(.text.ISOopen+0x1704): undefined reference to `fread'
cdriso.c:(.text.ISOopen+0x1724): undefined reference to `fseek'
cdriso.c:(.text.ISOopen+0x1738): undefined reference to `fread'
cdriso.c:(.text.ISOopen+0x1760): undefined reference to `fseek'
cdriso.c:(.text.ISOopen+0x1768): undefined reference to `fgetc'
cdriso.c:(.text.ISOopen+0x1784): undefined reference to `fseek'
cdriso.c:(.text.ISOopen+0x178c): undefined reference to `fgetc'
cdriso.c:(.text.ISOopen+0x17f8): undefined reference to `fseek'
cdriso.c:(.text.ISOopen+0x180c): undefined reference to `fread'
cdriso.c:(.text.ISOopen+0x1840): undefined reference to `fseek'
cdriso.c:(.text.ISOopen+0x1854): undefined reference to `fread'
cdriso.c:(.text.ISOopen+0x1874): undefined reference to `fread'
cdriso.c:(.text.ISOopen+0x18c0): undefined reference to `fseek'
cdriso.c:(.text.ISOopen+0x18cc): undefined reference to `fgetc'
cdriso.c:(.text.ISOopen+0x18f8): undefined reference to `fseek'
cdriso.c:(.text.ISOopen+0x1900): undefined reference to `fgetc'
cdriso.c:(.text.ISOopen+0x190c): undefined reference to `fgetc'
cdriso.c:(.text.ISOopen+0x1918): undefined reference to `fgetc'
cdriso.c:(.text.ISOopen+0x1964): undefined reference to `fread'
cdriso.c:(.text.ISOopen+0x1984): undefined reference to `fclose'
cdriso.c:(.text.ISOopen+0x19a8): undefined reference to `strncpy'
cdriso.c:(.text.ISOopen+0x19b4): undefined reference to `strlen'
cdriso.c:(.text.ISOopen+0x19dc): undefined reference to `strcasecmp'
cdriso.c:(.text.ISOopen+0x1a08): undefined reference to `fgets'
cdriso.c:(.text.ISOopen+0x1a24): undefined reference to `strncmp'
cdriso.c:(.text.ISOopen+0x1a40): undefined reference to `fclose'
cdriso.c:(.text.ISOopen+0x1a5c): undefined reference to `strlen'
cdriso.c:(.text.ISOopen+0x1a70): undefined reference to `memcpy'
cdriso.c:(.text.ISOopen+0x1a88): undefined reference to `strncasecmp'
cdriso.c:(.text.ISOopen+0x1aa0): undefined reference to `memcpy'
cdriso.c:(.text.ISOopen+0x1ab0): undefined reference to `fopen64'
cdriso.c:(.text.ISOopen+0x1aec): undefined reference to `strlen'
cdriso.c:(.text.ISOopen+0x1b00): undefined reference to `memcpy'
cdriso.c:(.text.ISOopen+0x1b6c): undefined reference to `rewind'
cdriso.c:(.text.ISOopen+0x1b84): undefined reference to `strncpy'
cdriso.c:(.text.ISOopen+0x1b90): undefined reference to `strrchr'
cdriso.c:(.text.ISOopen+0x1bd4): undefined reference to `memset'
cdriso.c:(.text.ISOopen+0x1c28): undefined reference to `fgets'
cdriso.c:(.text.ISOopen+0x1c44): undefined reference to `strncpy'
cdriso.c:(.text.ISOopen+0x1c50): undefined reference to `strtok'
cdriso.c:(.text.ISOopen+0x1c60): undefined reference to `strcmp'
cdriso.c:(.text.ISOopen+0x1ca4): undefined reference to `memset'
cdriso.c:(.text.ISOopen+0x1cb8): undefined reference to `sscanf'
cdriso.c:(.text.ISOopen+0x1cd0): undefined reference to `strstr'
cdriso.c:(.text.ISOopen+0x1d20): undefined reference to `strcmp'
cdriso.c:(.text.ISOopen+0x1d34): undefined reference to `strcmp'
cdriso.c:(.text.ISOopen+0x1d48): undefined reference to `strcmp'
cdriso.c:(.text.ISOopen+0x1d5c): undefined reference to `strcmp'
cdriso.c:(.text.ISOopen+0x1d7c): undefined reference to `sscanf'
cdriso.c:(.text.ISOopen+0x1d9c): undefined reference to `sscanf'
cdriso.c:(.text.ISOopen+0x1db8): undefined reference to `fopen64'
cdriso.c:(.text.ISOopen+0x1e1c): undefined reference to `sscanf'
cdriso.c:(.text.ISOopen+0x1e6c): undefined reference to `sscanf'
cdriso.c:(.text.ISOopen+0x1e9c): undefined reference to `sscanf'
cdriso.c:(.text.ISOopen+0x1ed4): undefined reference to `fclose'
cdriso.c:(.text.ISOopen+0x2070): undefined reference to `fileno'
cdriso.c:(.text.ISOopen+0x2078): undefined reference to `fstat64'
cdriso.c:(.text.ISOopen+0x2088): undefined reference to `ftello64'
cdriso.c:(.text.ISOopen+0x20a4): undefined reference to `fseeko64'
cdriso.c:(.text.ISOopen+0x20ac): undefined reference to `ftello64'
cdriso.c:(.text.ISOopen+0x20c4): undefined reference to `fseeko64'
cdriso.c:(.text.ISOopen+0x213c): undefined reference to `fclose'
cdriso.c:(.text.ISOopen+0x216c): undefined reference to `setvbuf'
cdriso.c:(.text.ISOopen+0x21a0): undefined reference to `free'
cdriso.c:(.text.ISOopen+0x21c4): undefined reference to `strtok'
cdriso.c:(.text.ISOopen+0x21d0): undefined reference to `atoi'
cdriso.c:(.text.ISOopen+0x21e4): undefined reference to `strtok'
cdriso.c:(.text.ISOopen+0x21f0): undefined reference to `atoi'
cdriso.c:(.text.ISOopen+0x2204): undefined reference to `strtok'
cdriso.c:(.text.ISOopen+0x2214): undefined reference to `atoi'
cdriso.c:(.text.ISOopen+0x228c): undefined reference to `sscanf'
cdriso.c:(.text.ISOopen+0x22fc): undefined reference to `fclose'
cdriso.c:(.text.ISOopen+0x2320): undefined reference to `setvbuf'
cdriso.c:(.text.ISOopen+0x234c): undefined reference to `fileno'
cdriso.c:(.text.ISOopen+0x2358): undefined reference to `fstat64'
cdriso.c:(.text.ISOopen+0x237c): undefined reference to `ftello64'
cdriso.c:(.text.ISOopen+0x239c): undefined reference to `fseeko64'
cdriso.c:(.text.ISOopen+0x23a4): undefined reference to `ftello64'
cdriso.c:(.text.ISOopen+0x23c0): undefined reference to `fseeko64'
cdriso.c:(.text.ISOopen+0x23e0): undefined reference to `fclose'
cdriso.c:(.text.ISOopen+0x23f4): undefined reference to `fclose'
cdriso.c:(.text.ISOopen+0x2400): undefined reference to `strlen'
cdriso.c:(.text.ISOopen+0x2414): undefined reference to `memcpy'
cdriso.c:(.text.ISOopen+0x2450): undefined reference to `fseeko64'
cdriso.c:(.text.ISOopen+0x2484): undefined reference to `fseeko64'
cdriso.c:(.text.ISOopen+0x24bc): undefined reference to `fseek'
cdriso.c:(.text.ISOopen+0x24d0): undefined reference to `fread'
cdriso.c:(.text.ISOopen+0x250c): undefined reference to `fread'
cdriso.c:(.text.ISOopen+0x25ac): undefined reference to `fread'
cdriso.c:(.text.ISOopen+0x2698): undefined reference to `fread'
cdriso.c:(.text.ISOopen+0x26e0): undefined reference to `strtok'
cdriso.c:(.text.ISOopen+0x26f0): undefined reference to `atoi'
cdriso.c:(.text.ISOopen+0x2704): undefined reference to `strtok'
cdriso.c:(.text.ISOopen+0x2714): undefined reference to `atoi'
cdriso.c:(.text.ISOopen+0x2728): undefined reference to `strtok'
cdriso.c:(.text.ISOopen+0x2738): undefined reference to `atoi'
cdriso.c:(.text.ISOopen+0x27bc): undefined reference to `strrchr'
cdriso.c:(.text.ISOopen+0x27e8): undefined reference to `strtok'
cdriso.c:(.text.ISOopen+0x27f8): undefined reference to `atoi'
cdriso.c:(.text.ISOopen+0x280c): undefined reference to `strtok'
cdriso.c:(.text.ISOopen+0x281c): undefined reference to `atoi'
cdriso.c:(.text.ISOopen+0x2830): undefined reference to `strtok'
cdriso.c:(.text.ISOopen+0x2840): undefined reference to `atoi'
cdriso.c:(.text.ISOopen+0x2888): undefined reference to `__get_errno_ptr'
cdriso.c:(.text.ISOopen+0x2890): undefined reference to `strerror'
cdriso.c:(.text.ISOopen+0x28f8): undefined reference to `strrchr'
cdriso.c:(.text.ISOopen+0x2910): undefined reference to `strncpy'
cdriso.c:(.text.ISOopen+0x2924): undefined reference to `fopen64'
cdriso.c:(.text.ISOopen+0x298c): undefined reference to `strrchr'
cdriso.c:(.text.ISOopen+0x29f8): undefined reference to `fseeko64'
cdriso.c:(.text.ISOopen+0x2a74): undefined reference to `fseeko64'
cdriso.c:(.text.ISOopen+0x2aa4): undefined reference to `calloc'
cdriso.c:(.text.ISOopen+0x2ae0): undefined reference to `malloc'
cdriso.c:(.text.ISOopen+0x2b34): undefined reference to `fread'
cdriso.c:(.text.ISOopen+0x2b84): undefined reference to `fread'
cdriso.c:(.text.ISOopen+0x2bb4): undefined reference to `free'
cdriso.c:(.text.ISOopen+0x2bf8): undefined reference to `strlen'
cdriso.c:(.text.ISOopen+0x2c0c): undefined reference to `memcpy'
libpcsxcore/cdriso.o: In function `ISOclose':
cdriso.c:(.text.ISOclose+0x20): undefined reference to `fclose'
cdriso.c:(.text.ISOclose+0x40): undefined reference to `fclose'
cdriso.c:(.text.ISOclose+0x68): undefined reference to `free'
cdriso.c:(.text.ISOclose+0x70): undefined reference to `free'
cdriso.c:(.text.ISOclose+0xa0): undefined reference to `free'
cdriso.c:(.text.ISOclose+0xa8): undefined reference to `free'
cdriso.c:(.text.ISOclose+0xec): undefined reference to `fclose'
cdriso.c:(.text.ISOclose+0x134): undefined reference to `memset'
libpcsxcore/cdriso.o: In function `ISOreadSub':
cdriso.c:(.text.ISOreadSub+0xf0): undefined reference to `memcpy'
cdriso.c:(.text.ISOreadSub+0x124): undefined reference to `fseeko64'
cdriso.c:(.text.ISOreadSub+0x140): undefined reference to `fread'
libpcsxcore/cdriso.o: In function `ISOreadCDDA':
cdriso.c:(.text.ISOreadCDDA+0xd8): undefined reference to `memset'
libpcsxcore/cdrom.o: In function `generate_subq':
cdrom.c:(.text.generate_subq+0x34): undefined reference to `memcpy'
cdrom.c:(.text.generate_subq+0x5c): undefined reference to `memcpy'
libpcsxcore/cdrom.o: In function `UpdateSubq':
cdrom.c:(.text.UpdateSubq+0xf0): undefined reference to `memcpy'
cdrom.c:(.text.UpdateSubq+0x100): undefined reference to `memcpy'
libpcsxcore/cdrom.o: In function `cdrPlayReadInterrupt':
cdrom.c:(.text.cdrPlayReadInterrupt+0x74): undefined reference to `memcmp'
cdrom.c:(.text.cdrPlayReadInterrupt+0x1d0): undefined reference to `memcpy'
cdrom.c:(.text.cdrPlayReadInterrupt+0x288): undefined reference to `memcmp'
cdrom.c:(.text.cdrPlayReadInterrupt+0x2b4): undefined reference to `memcpy'
cdrom.c:(.text.cdrPlayReadInterrupt+0x2e4): undefined reference to `memcpy'
cdrom.c:(.text.cdrPlayReadInterrupt+0x868): undefined reference to `memcpy'
libpcsxcore/cdrom.o: In function `cdrInterrupt':
cdrom.c:(.text.cdrInterrupt+0x204): undefined reference to `memcpy'
cdrom.c:(.text.cdrInterrupt+0x67c): undefined reference to `memcpy'
libpcsxcore/cdrom.o:cdrom.c:(.text.cdrInterrupt+0x954): more undefined references to `memcpy' follow
libpcsxcore/cdrom.o: In function `cdrInterrupt':
cdrom.c:(.text.cdrInterrupt+0x1660): undefined reference to `memcmp'
cdrom.c:(.text.cdrInterrupt+0x1688): undefined reference to `memcpy'
cdrom.c:(.text.cdrInterrupt+0x1aa8): undefined reference to `memcpy'
cdrom.c:(.text.cdrInterrupt+0x1c18): undefined reference to `memcpy'
cdrom.c:(.text.cdrInterrupt+0x1c6c): undefined reference to `memcpy'
libpcsxcore/cdrom.o: In function `psxDma3':
cdrom.c:(.text.psxDma3+0x238): undefined reference to `memcpy'
cdrom.c:(.text.psxDma3+0x26c): undefined reference to `memset'
libpcsxcore/cdrom.o: In function `cdrReset':
cdrom.c:(.text.cdrReset+0x30): undefined reference to `memset'
libpcsxcore/cdrom.o: In function `cdrFreeze':
cdrom.c:(.text.cdrFreeze+0x140): undefined reference to `memcmp'
cdrom.c:(.text.cdrFreeze+0x33c): undefined reference to `memcpy'
libpcsxcore/cdrom-async.o: In function `lbacache_do':
cdrom-async.c:(.text.lbacache_do+0x1b4): undefined reference to `memcpy'
cdrom-async.c:(.text.lbacache_do+0x1dc): undefined reference to `memcpy'
cdrom-async.c:(.text.lbacache_do+0x208): undefined reference to `usleep'
libpcsxcore/cdrom-async.o: In function `cdra_stop_thread':
cdrom-async.c:(.text.cdra_stop_thread+0xd8): undefined reference to `free'
libpcsxcore/cdrom-async.o: In function `cdra_open':
cdrom-async.c:(.text.cdra_open+0x38): undefined reference to `strncmp'
cdrom-async.c:(.text.cdra_open+0x124): undefined reference to `calloc'
libpcsxcore/cdrom-async.o: In function `cdra_readTrack':
cdrom-async.c:(.text.cdra_readTrack+0x154): undefined reference to `memcpy'
cdrom-async.c:(.text.cdra_readTrack+0x1cc): undefined reference to `memcpy'
libpcsxcore/cdrom-async.o: In function `cdra_readCDDA':
cdrom-async.c:(.text.cdra_readCDDA+0x154): undefined reference to `memcpy'
cdrom-async.c:(.text.cdra_readCDDA+0x1c4): undefined reference to `memcpy'
libpcsxcore/cdrom-async.o: In function `cdra_readSub':
cdrom-async.c:(.text.cdra_readSub+0x170): undefined reference to `memcpy'
libpcsxcore/cdrom-async.o:cdrom-async.c:(.text.cdra_readSub+0x1e4): more undefined references to `memcpy' follow
libpcsxcore/cdrom-async.o: In function `cdra_set_buf_count':
cdrom-async.c:(.text.cdra_set_buf_count+0x4c): undefined reference to `calloc'
libpcsxcore/cheat.o: In function `ClearAllCheats':
cheat.c:(.text.ClearAllCheats+0x44): undefined reference to `free'
cheat.c:(.text.ClearAllCheats+0x5c): undefined reference to `free'
cheat.c:(.text.ClearAllCheats+0x8c): undefined reference to `free'
libpcsxcore/cheat.o: In function `LoadCheats':
cheat.c:(.text.LoadCheats+0x18): undefined reference to `fopen64'
cheat.c:(.text.LoadCheats+0x58): undefined reference to `fgets'
cheat.c:(.text.LoadCheats+0xf4): undefined reference to `realloc'
cheat.c:(.text.LoadCheats+0x12c): undefined reference to `fclose'
cheat.c:(.text.LoadCheats+0x15c): undefined reference to `sscanf'
cheat.c:(.text.LoadCheats+0x190): undefined reference to `strlen'
cheat.c:(.text.LoadCheats+0x1ec): undefined reference to `strlen'
cheat.c:(.text.LoadCheats+0x218): undefined reference to `strdup'
cheat.c:(.text.LoadCheats+0x26c): undefined reference to `realloc'
cheat.c:(.text.LoadCheats+0x288): undefined reference to `malloc'
cheat.c:(.text.LoadCheats+0x29c): undefined reference to `strdup'
cheat.c:(.text.LoadCheats+0x2cc): undefined reference to `malloc'
libpcsxcore/cheat.o: In function `SaveCheats':
cheat.c:(.text.SaveCheats+0x14): undefined reference to `fopen64'
cheat.c:(.text.SaveCheats+0x98): undefined reference to `fprintf'
cheat.c:(.text.SaveCheats+0xe4): undefined reference to `fprintf'
cheat.c:(.text.SaveCheats+0x104): undefined reference to `fputc'
cheat.c:(.text.SaveCheats+0x120): undefined reference to `fclose'
libpcsxcore/cheat.o: In function `AddCheat':
cheat.c:(.text.AddCheat+0xe4): undefined reference to `sscanf'
cheat.c:(.text.AddCheat+0x1c8): undefined reference to `strdup'
cheat.c:(.text.AddCheat+0x208): undefined reference to `realloc'
cheat.c:(.text.AddCheat+0x248): undefined reference to `realloc'
cheat.c:(.text.AddCheat+0x274): undefined reference to `malloc'
cheat.c:(.text.AddCheat+0x294): undefined reference to `malloc'
libpcsxcore/cheat.o: In function `RemoveCheat':
cheat.c:(.text.RemoveCheat+0x28): undefined reference to `free'
cheat.c:(.text.RemoveCheat+0x6c): undefined reference to `memmove'
libpcsxcore/cheat.o: In function `EditCheat':
cheat.c:(.text.EditCheat+0x84): undefined reference to `sscanf'
cheat.c:(.text.EditCheat+0x104): undefined reference to `realloc'
cheat.c:(.text.EditCheat+0x150): undefined reference to `free'
cheat.c:(.text.EditCheat+0x174): undefined reference to `strdup'
cheat.c:(.text.EditCheat+0x1b4): undefined reference to `malloc'
libpcsxcore/database.o: In function `Apply_Hacks_Cdrom':
database.c:(.text.Apply_Hacks_Cdrom+0x84): undefined reference to `strncmp'
database.c:(.text.Apply_Hacks_Cdrom+0xd8): undefined reference to `strncmp'
database.c:(.text.Apply_Hacks_Cdrom+0xf4): undefined reference to `strncmp'
database.c:(.text.Apply_Hacks_Cdrom+0x110): undefined reference to `strncmp'
database.c:(.text.Apply_Hacks_Cdrom+0x12c): undefined reference to `strncmp'
libpcsxcore/database.o:database.c:(.text.Apply_Hacks_Cdrom+0x148): more undefined references to `strncmp' follow
libpcsxcore/database.o: In function `Apply_Hacks_Cdrom':
database.c:(.text.Apply_Hacks_Cdrom+0x1e8): undefined reference to `strcmp'
database.c:(.text.Apply_Hacks_Cdrom+0x204): undefined reference to `strcmp'
database.c:(.text.Apply_Hacks_Cdrom+0x220): undefined reference to `strcmp'
database.c:(.text.Apply_Hacks_Cdrom+0x240): undefined reference to `strcmp'
database.c:(.text.Apply_Hacks_Cdrom+0x27c): undefined reference to `strcmp'
libpcsxcore/database.o:database.c:(.text.Apply_Hacks_Cdrom+0x298): more undefined references to `strcmp' follow
libpcsxcore/database.o: In function `check_unsatisfied_libcrypt':
database.c:(.text.check_unsatisfied_libcrypt+0x28): undefined reference to `strncmp'
database.c:(.text.check_unsatisfied_libcrypt+0x44): undefined reference to `strncmp'
database.c:(.text.check_unsatisfied_libcrypt+0x6c): undefined reference to `atoi'
libpcsxcore/mdec.o: In function `rl2blk':
mdec.c:(.text.rl2blk+0x18): undefined reference to `memset'
libpcsxcore/mdec.o: In function `mdecInit':
mdec.c:(.text.mdecInit+0x20): undefined reference to `memset'
mdec.c:(.text.mdecInit+0x38): undefined reference to `memset'
mdec.c:(.text.mdecInit+0x4c): undefined reference to `memset'
libpcsxcore/mdec.o: In function `psxDma1':
mdec.c:(.text.psxDma1+0x128): undefined reference to `memcpy'
mdec.c:(.text.psxDma1+0x52c): undefined reference to `memcpy'
mdec.c:(.text.psxDma1+0x5d0): undefined reference to `memcpy'
libpcsxcore/misc.o: In function `PSXGetFileType':
misc.c:(.text.PSXGetFileType+0x10): undefined reference to `ftell'
misc.c:(.text.PSXGetFileType+0x24): undefined reference to `fseek'
misc.c:(.text.PSXGetFileType+0x38): undefined reference to `fread'
misc.c:(.text.PSXGetFileType+0x5c): undefined reference to `fseek'
misc.c:(.text.PSXGetFileType+0x70): undefined reference to `memcmp'
libpcsxcore/misc.o: In function `GetCdromFile':
misc.c:(.text.GetCdromFile+0x5c): undefined reference to `strncasecmp'
misc.c:(.text.GetCdromFile+0xa0): undefined reference to `strlen'
misc.c:(.text.GetCdromFile+0xb0): undefined reference to `strncasecmp'
misc.c:(.text.GetCdromFile+0x1e8): undefined reference to `memcpy'
misc.c:(.text.GetCdromFile+0x240): undefined reference to `memcpy'
libpcsxcore/misc.o: In function `LoadCdrom':
misc.c:(.text.LoadCdrom+0x170): undefined reference to `memcpy'
misc.c:(.text.LoadCdrom+0x1cc): undefined reference to `memcpy'
misc.c:(.text.LoadCdrom+0x238): undefined reference to `sscanf'
misc.c:(.text.LoadCdrom+0x268): undefined reference to `strstr'
misc.c:(.text.LoadCdrom+0x278): undefined reference to `strchr'
misc.c:(.text.LoadCdrom+0x284): undefined reference to `__get_errno_ptr'
misc.c:(.text.LoadCdrom+0x29c): undefined reference to `strtoul'
misc.c:(.text.LoadCdrom+0x2bc): undefined reference to `strstr'
misc.c:(.text.LoadCdrom+0x2cc): undefined reference to `strchr'
misc.c:(.text.LoadCdrom+0x2d8): undefined reference to `__get_errno_ptr'
misc.c:(.text.LoadCdrom+0x2f4): undefined reference to `strtoul'
misc.c:(.text.LoadCdrom+0x318): undefined reference to `strstr'
misc.c:(.text.LoadCdrom+0x328): undefined reference to `strchr'
misc.c:(.text.LoadCdrom+0x334): undefined reference to `__get_errno_ptr'
misc.c:(.text.LoadCdrom+0x350): undefined reference to `strtoul'
misc.c:(.text.LoadCdrom+0x3b0): undefined reference to `memcpy'
misc.c:(.text.LoadCdrom+0x4bc): undefined reference to `memcpy'
misc.c:(.text.LoadCdrom+0x520): undefined reference to `sscanf'
misc.c:(.text.LoadCdrom+0x550): undefined reference to `strstr'
misc.c:(.text.LoadCdrom+0x588): undefined reference to `strncpy'
misc.c:(.text.LoadCdrom+0x6c0): undefined reference to `memcpy'
libpcsxcore/misc.o: In function `LoadCdromFile':
misc.c:(.text.LoadCdromFile+0x2c): undefined reference to `strchr'
misc.c:(.text.LoadCdromFile+0x70): undefined reference to `snprintf'
misc.c:(.text.LoadCdromFile+0x164): undefined reference to `memcpy'
misc.c:(.text.LoadCdromFile+0x1b8): undefined reference to `memcpy'
misc.c:(.text.LoadCdromFile+0x228): undefined reference to `memcpy'
misc.c:(.text.LoadCdromFile+0x370): undefined reference to `memcpy'
libpcsxcore/misc.o: In function `CheckCdrom':
misc.c:(.text.CheckCdrom+0x74): undefined reference to `memset'
misc.c:(.text.CheckCdrom+0xbc): undefined reference to `memset'
misc.c:(.text.CheckCdrom+0x164): undefined reference to `strlen'
misc.c:(.text.CheckCdrom+0x174): undefined reference to `strncmp'
misc.c:(.text.CheckCdrom+0x1f4): undefined reference to `strncpy'
misc.c:(.text.CheckCdrom+0x2a0): undefined reference to `memcpy'
misc.c:(.text.CheckCdrom+0x2f4): undefined reference to `memcpy'
misc.c:(.text.CheckCdrom+0x354): undefined reference to `sscanf'
misc.c:(.text.CheckCdrom+0x38c): undefined reference to `strlen'
misc.c:(.text.CheckCdrom+0x424): undefined reference to `memcpy'
misc.c:(.text.CheckCdrom+0x4b8): undefined reference to `sscanf'
misc.c:(.text.CheckCdrom+0x4e0): undefined reference to `strstr'
misc.c:(.text.CheckCdrom+0x518): undefined reference to `strncpy'
misc.c:(.text.CheckCdrom+0x660): undefined reference to `memcpy'
misc.c:(.text.CheckCdrom+0x688): undefined reference to `strncmp'
misc.c:(.text.CheckCdrom+0x6a4): undefined reference to `strncmp'
misc.c:(.text.CheckCdrom+0x6c0): undefined reference to `strncmp'
misc.c:(.text.CheckCdrom+0x6dc): undefined reference to `strncmp'
misc.c:(.text.CheckCdrom+0x748): undefined reference to `strlen'
misc.c:(.text.CheckCdrom+0x760): undefined reference to `memmove'
misc.c:(.text.CheckCdrom+0x780): undefined reference to `strncpy'
misc.c:(.text.CheckCdrom+0x7c8): undefined reference to `_Ctype'
libpcsxcore/misc.o: In function `fread_to_ram':
misc.c:(.text.fread_to_ram+0x1c): undefined reference to `malloc'
misc.c:(.text.fread_to_ram+0x34): undefined reference to `fread'
misc.c:(.text.fread_to_ram+0x48): undefined reference to `memcpy'
misc.c:(.text.fread_to_ram+0x50): undefined reference to `free'
misc.c:(.text.fread_to_ram+0x70): undefined reference to `fread'
libpcsxcore/misc.o: In function `Load':
misc.c:(.text.Load+0x2c): undefined reference to `memcpy'
misc.c:(.text.Load+0x48): undefined reference to `memcpy'
misc.c:(.text.Load+0x58): undefined reference to `fopen64'
misc.c:(.text.Load+0x98): undefined reference to `fread'
misc.c:(.text.Load+0xe8): undefined reference to `fseek'
misc.c:(.text.Load+0x180): undefined reference to `fclose'
misc.c:(.text.Load+0x1dc): undefined reference to `fseek'
misc.c:(.text.Load+0x1f0): undefined reference to `fread'
misc.c:(.text.Load+0x224): undefined reference to `fseek'
misc.c:(.text.Load+0x240): undefined reference to `fread'
misc.c:(.text.Load+0x270): undefined reference to `ftell'
misc.c:(.text.Load+0x2b4): undefined reference to `fread'
misc.c:(.text.Load+0x2d0): undefined reference to `fread'
misc.c:(.text.Load+0x374): undefined reference to `fclose'
libpcsxcore/misc.o: In function `LoadState':
misc.c:(.text.LoadState+0xbc): undefined reference to `strncmp'
misc.c:(.text.LoadState+0x114): undefined reference to `strncmp'
misc.c:(.text.LoadState+0x154): undefined reference to `memset'
libpcsxcore/misc.o: In function `CheckState':
misc.c:(.text.CheckState+0x78): undefined reference to `strncmp'
misc.c:(.text.CheckState+0xdc): undefined reference to `strncmp'
libpcsxcore/misc.o: In function `SaveState':
misc.c:(.text.SaveState+0x40): undefined reference to `memset'
misc.c:(.text.SaveState+0x1c8): undefined reference to `snprintf'
misc.c:(.text.SaveState+0x1dc): undefined reference to `memset'
misc.c:(.text.SaveState+0x1ec): undefined reference to `memcpy'
misc.c:(.text.SaveState+0x288): undefined reference to `memset'
misc.c:(.text.SaveState+0x3b8): undefined reference to `memset'
libpcsxcore/plugins.o: In function `CDR__getStatus':
plugins.c:(.text.CDR__getStatus+0x24): undefined reference to `time'
libpcsxcore/plugins.o: In function `LoadPlugins':
plugins.c:(.text.LoadPlugins+0x38): undefined reference to `sprintf'
plugins.c:(.text.LoadPlugins+0x300): undefined reference to `sprintf'
libpcsxcore/plugins.o: In function `SetIsoFile':
plugins.c:(.text.SetIsoFile+0x14): undefined reference to `strncpy'
libpcsxcore/ppf.o: In function `AddToPPF':
ppf.c:(.text.AddToPPF+0x44): undefined reference to `malloc'
ppf.c:(.text.AddToPPF+0x6c): undefined reference to `memcpy'
ppf.c:(.text.AddToPPF+0x154): undefined reference to `malloc'
ppf.c:(.text.AddToPPF+0x184): undefined reference to `memcpy'
libpcsxcore/ppf.o: In function `FreePPFCache':
ppf.c:(.text.FreePPFCache+0x18): undefined reference to `free'
ppf.c:(.text.FreePPFCache+0x54): undefined reference to `free'
libpcsxcore/ppf.o: In function `CheckPPFCache':
ppf.c:(.text.CheckPPFCache+0xf0): undefined reference to `memcpy'
libpcsxcore/ppf.o: In function `BuildPPFCache':
ppf.c:(.text.BuildPPFCache+0x44): undefined reference to `fopen64'
ppf.c:(.text.BuildPPFCache+0x74): undefined reference to `fread'
ppf.c:(.text.BuildPPFCache+0x8c): undefined reference to `strcmp'
ppf.c:(.text.BuildPPFCache+0xa8): undefined reference to `fseek'
ppf.c:(.text.BuildPPFCache+0xb0): undefined reference to `fgetc'
ppf.c:(.text.BuildPPFCache+0xd4): undefined reference to `fclose'
ppf.c:(.text.BuildPPFCache+0x104): undefined reference to `fread'
ppf.c:(.text.BuildPPFCache+0x114): undefined reference to `fclose'
ppf.c:(.text.BuildPPFCache+0x138): undefined reference to `fclose'
ppf.c:(.text.BuildPPFCache+0x1ec): undefined reference to `sprintf'
ppf.c:(.text.BuildPPFCache+0x1fc): undefined reference to `fseek'
ppf.c:(.text.BuildPPFCache+0x208): undefined reference to `ftell'
ppf.c:(.text.BuildPPFCache+0x27c): undefined reference to `fseek'
ppf.c:(.text.BuildPPFCache+0x290): undefined reference to `fread'
ppf.c:(.text.BuildPPFCache+0x2a8): undefined reference to `fgetc'
ppf.c:(.text.BuildPPFCache+0x2c0): undefined reference to `fread'
ppf.c:(.text.BuildPPFCache+0x33c): undefined reference to `fseek'
ppf.c:(.text.BuildPPFCache+0x35c): undefined reference to `fread'
ppf.c:(.text.BuildPPFCache+0x378): undefined reference to `strcmp'
ppf.c:(.text.BuildPPFCache+0x39c): undefined reference to `fread'
ppf.c:(.text.BuildPPFCache+0x3bc): undefined reference to `fseek'
ppf.c:(.text.BuildPPFCache+0x3c4): undefined reference to `ftell'
ppf.c:(.text.BuildPPFCache+0x3f0): undefined reference to `fseek'
ppf.c:(.text.BuildPPFCache+0x3f8): undefined reference to `fgetc'
ppf.c:(.text.BuildPPFCache+0x404): undefined reference to `fgetc'
ppf.c:(.text.BuildPPFCache+0x41c): undefined reference to `fseek'
ppf.c:(.text.BuildPPFCache+0x438): undefined reference to `fread'
ppf.c:(.text.BuildPPFCache+0x458): undefined reference to `strcmp'
ppf.c:(.text.BuildPPFCache+0x480): undefined reference to `fseek'
ppf.c:(.text.BuildPPFCache+0x494): undefined reference to `fread'
ppf.c:(.text.BuildPPFCache+0x4b8): undefined reference to `fseek'
ppf.c:(.text.BuildPPFCache+0x4c0): undefined reference to `ftell'
ppf.c:(.text.BuildPPFCache+0x4fc): undefined reference to `fclose'
ppf.c:(.text.BuildPPFCache+0x564): undefined reference to `malloc'
ppf.c:(.text.BuildPPFCache+0x5d4): undefined reference to `fseek'
ppf.c:(.text.BuildPPFCache+0x5dc): undefined reference to `ftell'
ppf.c:(.text.BuildPPFCache+0x618): undefined reference to `_Touptab'
libpcsxcore/ppf.o: In function `LoadSBI':
ppf.c:(.text.LoadSBI+0x18): undefined reference to `fopen64'
ppf.c:(.text.LoadSBI+0x48): undefined reference to `calloc'
ppf.c:(.text.LoadSBI+0x70): undefined reference to `fread'
ppf.c:(.text.LoadSBI+0x84): undefined reference to `ftell'
ppf.c:(.text.LoadSBI+0xa4): undefined reference to `fclose'
ppf.c:(.text.LoadSBI+0xc4): undefined reference to `free'
ppf.c:(.text.LoadSBI+0x110): undefined reference to `fread'
ppf.c:(.text.LoadSBI+0x13c): undefined reference to `fseek'
ppf.c:(.text.LoadSBI+0x158): undefined reference to `fread'
libpcsxcore/ppf.o: In function `UnloadSBI':
ppf.c:(.text.UnloadSBI+0x20): undefined reference to `free'
libpcsxcore/psxbios.o: In function `psxBios_Krom2RawAdd':
psxbios.c:(.text.psxBios_Krom2RawAdd+0x28): undefined reference to `memcpy'
psxbios.c:(.text.psxBios_Krom2RawAdd+0x3c): undefined reference to `memcpy'
libpcsxcore/psxbios.o: In function `psxBios_getchar':
psxbios.c:(.text.psxBios_getchar+0x48): undefined reference to `fgetc'
psxbios.c:(.text.psxBios_getchar+0x68): undefined reference to `_Multi_threaded'
psxbios.c:(.text.psxBios_getchar+0x6c): undefined reference to `_Files'
libpcsxcore/psxbios.o: In function `spu_clear_mem':
psxbios.c:(.text.spu_clear_mem+0x68): undefined reference to `memset'
libpcsxcore/psxbios.o: In function `psxBios__card_read_sector':
psxbios.c:(.text.psxBios__card_read_sector+0x74): undefined reference to `memcpy'
libpcsxcore/psxbios.o: In function `psxBios__card_write_sector':
psxbios.c:(.text.psxBios__card_write_sector+0x78): undefined reference to `memcpy'
psxbios.c:(.text.psxBios__card_write_sector+0x144): undefined reference to `memcpy'
libpcsxcore/psxbios.o: In function `psxBios_cd':
psxbios.c:(.text.psxBios_cd+0x40): undefined reference to `strchr'
psxbios.c:(.text.psxBios_cd+0x70): undefined reference to `snprintf'
libpcsxcore/psxbios.o: In function `psxBios_format':
psxbios.c:(.text.psxBios_format+0x3c): undefined reference to `strcmp'
psxbios.c:(.text.psxBios_format+0x68): undefined reference to `strcmp'
libpcsxcore/psxbios.o: In function `psxBios_strncpy':
psxbios.c:(.text.psxBios_strncpy+0x134): undefined reference to `memset'
libpcsxcore/psxbios.o: In function `psxBios_strtok':
psxbios.c:(.text.psxBios_strtok+0x68): undefined reference to `strtok'
libpcsxcore/psxbios.o: In function `setup_cd_irq_and_events':
psxbios.c:(.text.setup_cd_irq_and_events+0x28): undefined reference to `memcpy'
libpcsxcore/psxbios.o: In function `setup_tt':
psxbios.c:(.text.setup_tt+0x64): undefined reference to `memset'
libpcsxcore/psxbios.o: In function `psxBios_delete':
psxbios.c:(.text.psxBios_delete+0x5c): undefined reference to `strncmp'
psxbios.c:(.text.psxBios_delete+0xf4): undefined reference to `strcmp'
psxbios.c:(.text.psxBios_delete+0x15c): undefined reference to `strncmp'
psxbios.c:(.text.psxBios_delete+0x200): undefined reference to `strcmp'
psxbios.c:(.text.psxBios_delete+0x2d8): undefined reference to `strcmp'
psxbios.c:(.text.psxBios_delete+0x34c): undefined reference to `strcmp'
libpcsxcore/psxbios.o: In function `bufile':
psxbios.c:(.text.bufile+0x1fc): undefined reference to `strlen'
psxbios.c:(.text.bufile+0x224): undefined reference to `memcpy'
libpcsxcore/psxbios.o: In function `psxBios_nextfile':
psxbios.c:(.text.psxBios_nextfile+0x34): undefined reference to `strncmp'
psxbios.c:(.text.psxBios_nextfile+0x50): undefined reference to `strncmp'
libpcsxcore/psxbios.o: In function `psxBios_Load_':
psxbios.c:(.text.psxBios_Load_+0x28): undefined reference to `memcpy'
psxbios.c:(.text.psxBios_Load_+0x80): undefined reference to `strchr'
psxbios.c:(.text.psxBios_Load_+0xc4): undefined reference to `snprintf'
psxbios.c:(.text.psxBios_Load_+0x1e0): undefined reference to `snprintf'
psxbios.c:(.text.psxBios_Load_+0x248): undefined reference to `memcpy'
libpcsxcore/psxbios.o: In function `psxBios_open':
psxbios.c:(.text.psxBios_open+0x54): undefined reference to `strncmp'
psxbios.c:(.text.psxBios_open+0x70): undefined reference to `strncmp'
psxbios.c:(.text.psxBios_open+0xc4): undefined reference to `strcpy'
psxbios.c:(.text.psxBios_open+0x250): undefined reference to `strcpy'
psxbios.c:(.text.psxBios_open+0x2a4): undefined reference to `memset'
psxbios.c:(.text.psxBios_open+0x2fc): undefined reference to `strcmp'
psxbios.c:(.text.psxBios_open+0x374): undefined reference to `strcpy'
psxbios.c:(.text.psxBios_open+0x504): undefined reference to `strcpy'
psxbios.c:(.text.psxBios_open+0x55c): undefined reference to `memset'
psxbios.c:(.text.psxBios_open+0x5d8): undefined reference to `strcmp'
libpcsxcore/psxbios.o: In function `psxBios_rename':
psxbios.c:(.text.psxBios_rename+0x7c): undefined reference to `strncmp'
psxbios.c:(.text.psxBios_rename+0x98): undefined reference to `strncmp'
psxbios.c:(.text.psxBios_rename+0x124): undefined reference to `strcmp'
psxbios.c:(.text.psxBios_rename+0x144): undefined reference to `strlen'
psxbios.c:(.text.psxBios_rename+0x158): undefined reference to `memcpy'
psxbios.c:(.text.psxBios_rename+0x174): undefined reference to `memset'
psxbios.c:(.text.psxBios_rename+0x1d4): undefined reference to `strncmp'
psxbios.c:(.text.psxBios_rename+0x1ec): undefined reference to `strncmp'
psxbios.c:(.text.psxBios_rename+0x280): undefined reference to `strcmp'
psxbios.c:(.text.psxBios_rename+0x298): undefined reference to `strlen'
psxbios.c:(.text.psxBios_rename+0x2b0): undefined reference to `memcpy'
psxbios.c:(.text.psxBios_rename+0x2d0): undefined reference to `memset'
libpcsxcore/psxbios.o: In function `psxBios_printf_psxout':
psxbios.c:(.text.psxBios_printf_psxout+0x9c): undefined reference to `memcpy'
psxbios.c:(.text.psxBios_printf_psxout+0x32c): undefined reference to `snprintf'
psxbios.c:(.text.psxBios_printf_psxout+0x360): undefined reference to `memcpy'
psxbios.c:(.text.psxBios_printf_psxout+0x3c4): undefined reference to `snprintf'
psxbios.c:(.text.psxBios_printf_psxout+0x3e4): undefined reference to `snprintf'
psxbios.c:(.text.psxBios_printf_psxout+0x49c): undefined reference to `snprintf'
libpcsxcore/psxbios.o: In function `psxBios_firstfile':
psxbios.c:(.text.psxBios_firstfile+0x5c): undefined reference to `snprintf'
psxbios.c:(.text.psxBios_firstfile+0x8c): undefined reference to `strncmp'
psxbios.c:(.text.psxBios_firstfile+0xa8): undefined reference to `strncmp'
psxbios.c:(.text.psxBios_firstfile+0x118): undefined reference to `memcpy'
libpcsxcore/psxbios.o: In function `psxBios_write':
psxbios.c:(.text.psxBios_write+0x414): undefined reference to `memcpy'
libpcsxcore/psxbios.o: In function `psxBios_read':
psxbios.c:(.text.psxBios_read+0x3a4): undefined reference to `memcpy'
libpcsxcore/psxbios.o: In function `psxBios_putc':
psxbios.c:(.text.psxBios_putc+0x70): undefined reference to `putchar'
libpcsxcore/psxbios.o: In function `psxBiosResetTables':
psxbios.c:(.text.psxBiosResetTables+0x20): undefined reference to `memset'
psxbios.c:(.text.psxBiosResetTables+0x34): undefined reference to `memset'
libpcsxcore/psxbios.o: In function `psxBiosInit':
psxbios.c:(.text.psxBiosInit+0x38): undefined reference to `memset'
psxbios.c:(.text.psxBiosInit+0xa6c): undefined reference to `memset'
psxbios.c:(.text.psxBiosInit+0xa80): undefined reference to `memset'
psxbios.c:(.text.psxBiosInit+0xac4): undefined reference to `memcpy'
psxbios.c:(.text.psxBiosInit+0xad8): undefined reference to `memcpy'
psxbios.c:(.text.psxBiosInit+0xaf4): undefined reference to `memcpy'
psxbios.c:(.text.psxBiosInit+0xb10): undefined reference to `memcpy'
psxbios.c:(.text.psxBiosInit+0xc28): undefined reference to `memcpy'
psxbios.c:(.text.psxBiosInit+0xf0c): undefined reference to `memset'
psxbios.c:(.text.psxBiosInit+0x1388): undefined reference to `memcpy'
libpcsxcore/psxbios.o: In function `psxBiosFreeze':
psxbios.c:(.text.psxBiosFreeze+0x3c): undefined reference to `memcpy'
psxbios.c:(.text.psxBiosFreeze+0x50): undefined reference to `memcpy'
psxbios.c:(.text.psxBiosFreeze+0x64): undefined reference to `memcpy'
psxbios.c:(.text.psxBiosFreeze+0x7c): undefined reference to `memcpy'
libpcsxcore/psxbios.o:psxbios.c:(.text.psxBiosFreeze+0x9c): more undefined references to `memcpy' follow
libpcsxcore/psxhw.o: In function `psxHwReset':
psxhw.c:(.text.psxHwReset+0x20): undefined reference to `memset'
libpcsxcore/psxinterpreter.o: In function `intApplyConfig':
psxinterpreter.c:(.text.intApplyConfig+0x3a8): undefined reference to `memset'
libpcsxcore/psxinterpreter.o: In function `intNotify':
psxinterpreter.c:(.text.intNotify+0x60): undefined reference to `memset'
libpcsxcore/psxmem.o: In function `psxMapDefault':
psxmem.c:(.text.psxMapDefault+0x2c): undefined reference to `mmap64'
libpcsxcore/psxmem.o: In function `psxUnmapDefault':
psxmem.c:(.text.psxUnmapDefault+0x0): undefined reference to `munmap'
libpcsxcore/psxmem.o: In function `psxMemReset':
psxmem.c:(.text.psxMemReset+0x34): undefined reference to `memset'
psxmem.c:(.text.psxMemReset+0x44): undefined reference to `memset'
psxmem.c:(.text.psxMemReset+0x21c): undefined reference to `strcmp'
psxmem.c:(.text.psxMemReset+0x270): undefined reference to `memset'
psxmem.c:(.text.psxMemReset+0x290): undefined reference to `strcmp'
psxmem.c:(.text.psxMemReset+0x2c8): undefined reference to `strcmp'
psxmem.c:(.text.psxMemReset+0x2f8): undefined reference to `strcmp'
psxmem.c:(.text.psxMemReset+0x320): undefined reference to `snprintf'
psxmem.c:(.text.psxMemReset+0x330): undefined reference to `fopen64'
psxmem.c:(.text.psxMemReset+0x34c): undefined reference to `fread'
psxmem.c:(.text.psxMemReset+0x358): undefined reference to `fclose'
psxmem.c:(.text.psxMemReset+0x388): undefined reference to `strcmp'
psxmem.c:(.text.psxMemReset+0x3b0): undefined reference to `snprintf'
psxmem.c:(.text.psxMemReset+0x3c0): undefined reference to `fopen64'
psxmem.c:(.text.psxMemReset+0x3dc): undefined reference to `fread'
psxmem.c:(.text.psxMemReset+0x3e8): undefined reference to `fclose'
psxmem.c:(.text.psxMemReset+0x424): undefined reference to `snprintf'
psxmem.c:(.text.psxMemReset+0x434): undefined reference to `fopen64'
psxmem.c:(.text.psxMemReset+0x450): undefined reference to `fread'
psxmem.c:(.text.psxMemReset+0x45c): undefined reference to `fclose'
libpcsxcore/psxmem.o: In function `psxMemShutdown':
psxmem.c:(.text.psxMemShutdown+0x74): undefined reference to `free'
libpcsxcore/psxmem.o: In function `psxMemInit':
psxmem.c:(.text.psxMemInit+0x8c): undefined reference to `malloc'
psxmem.c:(.text.psxMemInit+0xa0): undefined reference to `memset'
libpcsxcore/psxmem.o: In function `psxMemOnIsolate':
psxmem.c:(.text.psxMemOnIsolate+0x1f4): undefined reference to `memset'
psxmem.c:(.text.psxMemOnIsolate+0x204): undefined reference to `memset'
libpcsxcore/r3000a.o: In function `psxReset':
r3000a.c:(.text.psxReset+0x30): undefined reference to `memset'
libpcsxcore/sio.o: In function `sioWrite8':
sio.c:(.text.sioWrite8+0x6b8): undefined reference to `memcpy'
libpcsxcore/sio.o: In function `CreateMcd':
sio.c:(.text.CreateMcd+0x14): undefined reference to `fopen64'
sio.c:(.text.CreateMcd+0x28): undefined reference to `stat64'
sio.c:(.text.CreateMcd+0x70): undefined reference to `strstr'
sio.c:(.text.CreateMcd+0x84): undefined reference to `fputc'
sio.c:(.text.CreateMcd+0x90): undefined reference to `fputc'
sio.c:(.text.CreateMcd+0x9c): undefined reference to `fputc'
sio.c:(.text.CreateMcd+0xa8): undefined reference to `fputc'
sio.c:(.text.CreateMcd+0xb4): undefined reference to `fputc'
libpcsxcore/sio.o:sio.c:(.text.CreateMcd+0xc0): more undefined references to `fputc' follow
libpcsxcore/sio.o: In function `CreateMcd':
sio.c:(.text.CreateMcd+0x358): undefined reference to `fclose'
sio.c:(.text.CreateMcd+0x3a0): undefined reference to `strstr'
sio.c:(.text.CreateMcd+0x3b4): undefined reference to `fputc'
sio.c:(.text.CreateMcd+0x3c0): undefined reference to `fputc'
sio.c:(.text.CreateMcd+0x3cc): undefined reference to `fputc'
sio.c:(.text.CreateMcd+0x3dc): undefined reference to `fputc'
sio.c:(.text.CreateMcd+0x3e8): undefined reference to `fputc'
libpcsxcore/sio.o:sio.c:(.text.CreateMcd+0x3f4): more undefined references to `fputc' follow
libpcsxcore/sio.o: In function `CreateMcd':
sio.c:(.text.CreateMcd+0x458): undefined reference to `strstr'
libpcsxcore/sio.o: In function `LoadMcd':
sio.c:(.text.LoadMcd+0x70): undefined reference to `strcmp'
sio.c:(.text.LoadMcd+0x98): undefined reference to `fopen64'
sio.c:(.text.LoadMcd+0xac): undefined reference to `stat64'
sio.c:(.text.LoadMcd+0x10c): undefined reference to `fread'
sio.c:(.text.LoadMcd+0x124): undefined reference to `memset'
sio.c:(.text.LoadMcd+0x12c): undefined reference to `fclose'
sio.c:(.text.LoadMcd+0x160): undefined reference to `fseek'
sio.c:(.text.LoadMcd+0x19c): undefined reference to `fopen64'
sio.c:(.text.LoadMcd+0x1b0): undefined reference to `stat64'
sio.c:(.text.LoadMcd+0x200): undefined reference to `fread'
sio.c:(.text.LoadMcd+0x218): undefined reference to `memset'
sio.c:(.text.LoadMcd+0x220): undefined reference to `fclose'
sio.c:(.text.LoadMcd+0x234): undefined reference to `fseek'
sio.c:(.text.LoadMcd+0x248): undefined reference to `fseek'
sio.c:(.text.LoadMcd+0x25c): undefined reference to `fseek'
libpcsxcore/sio.o: In function `ConvertMcd':
sio.c:(.text.ConvertMcd+0x14): undefined reference to `strstr'
sio.c:(.text.ConvertMcd+0x2c): undefined reference to `fopen64'
sio.c:(.text.ConvertMcd+0x4c): undefined reference to `fwrite'
sio.c:(.text.ConvertMcd+0x54): undefined reference to `fclose'
sio.c:(.text.ConvertMcd+0x64): undefined reference to `fopen64'
sio.c:(.text.ConvertMcd+0x78): undefined reference to `fputc'
sio.c:(.text.ConvertMcd+0x84): undefined reference to `fputc'
sio.c:(.text.ConvertMcd+0x90): undefined reference to `fputc'
sio.c:(.text.ConvertMcd+0x9c): undefined reference to `fputc'
sio.c:(.text.ConvertMcd+0xa8): undefined reference to `fputc'
libpcsxcore/sio.o:sio.c:(.text.ConvertMcd+0xb4): more undefined references to `fputc' follow
libpcsxcore/sio.o: In function `ConvertMcd':
sio.c:(.text.ConvertMcd+0x198): undefined reference to `fclose'
sio.c:(.text.ConvertMcd+0x1a4): undefined reference to `strstr'
sio.c:(.text.ConvertMcd+0x1bc): undefined reference to `fopen64'
sio.c:(.text.ConvertMcd+0x1dc): undefined reference to `fwrite'
sio.c:(.text.ConvertMcd+0x1e4): undefined reference to `fclose'
sio.c:(.text.ConvertMcd+0x1f4): undefined reference to `fopen64'
sio.c:(.text.ConvertMcd+0x208): undefined reference to `fputc'
sio.c:(.text.ConvertMcd+0x214): undefined reference to `fputc'
sio.c:(.text.ConvertMcd+0x220): undefined reference to `fputc'
sio.c:(.text.ConvertMcd+0x230): undefined reference to `fputc'
sio.c:(.text.ConvertMcd+0x23c): undefined reference to `fputc'
libpcsxcore/sio.o:sio.c:(.text.ConvertMcd+0x248): more undefined references to `fputc' follow
libpcsxcore/sio.o: In function `ConvertMcd':
sio.c:(.text.ConvertMcd+0x2a4): undefined reference to `fclose'
sio.c:(.text.ConvertMcd+0x2b4): undefined reference to `strstr'
sio.c:(.text.ConvertMcd+0x2cc): undefined reference to `fopen64'
sio.c:(.text.ConvertMcd+0x2e8): undefined reference to `fwrite'
libpcsxcore/sio.o: In function `SaveMcd':
sio.c:(.text.SaveMcd+0x34): undefined reference to `strcmp'
sio.c:(.text.SaveMcd+0x54): undefined reference to `fopen64'
sio.c:(.text.SaveMcd+0x68): undefined reference to `stat64'
sio.c:(.text.SaveMcd+0xb4): undefined reference to `fseek'
sio.c:(.text.SaveMcd+0xc8): undefined reference to `fwrite'
sio.c:(.text.SaveMcd+0xd0): undefined reference to `fclose'
sio.c:(.text.SaveMcd+0xf4): undefined reference to `fseek'
sio.c:(.text.SaveMcd+0x108): undefined reference to `fseek'
libpcsxcore/sio.o: In function `sioRead8':
sio.c:(.text.sioRead8+0x178): undefined reference to `memcpy'
sio.c:(.text.sioRead8+0x1d4): undefined reference to `memcpy'
libpcsxcore/sio.o: In function `GetMcdBlockInfo':
sio.c:(.text.GetMcdBlockInfo+0x20): undefined reference to `memset'
sio.c:(.text.GetMcdBlockInfo+0x204): undefined reference to `memcpy'
sio.c:(.text.GetMcdBlockInfo+0x41c): undefined reference to `strncpy'
sio.c:(.text.GetMcdBlockInfo+0x434): undefined reference to `strncpy'
libpcsxcore/pad.o: In function `PADpoll_':
pad.c:(.text.PADpoll_+0x254): undefined reference to `memcpy'
pad.c:(.text.PADpoll_+0x49c): undefined reference to `memcpy'
pad.c:(.text.PADpoll_+0x4c4): undefined reference to `memcpy'
pad.c:(.text.PADpoll_+0x4e4): undefined reference to `memcpy'
pad.c:(.text.PADpoll_+0x504): undefined reference to `memcpy'
libpcsxcore/pad.o:pad.c:(.text.PADpoll_+0x524): more undefined references to `memcpy' follow
libpcsxcore/pad.o: In function `padReset':
pad.c:(.text.padReset+0x1c): undefined reference to `memset'
pad.c:(.text.padReset+0x2c): undefined reference to `memset'
pad.c:(.text.padReset+0x40): undefined reference to `memset'
libpcsxcore/new_dynarec/new_dynarec.o: In function `do_vsync':
new_dynarec.c:(.text.unlikely.do_vsync+0x3c): undefined reference to `strncmp'
libpcsxcore/new_dynarec/new_dynarec.o: In function `pass5a_preallocate1':
new_dynarec.c:(.text.pass5a_preallocate1+0x24): undefined reference to `memset'
new_dynarec.c:(.text.pass5a_preallocate1+0x2b8): undefined reference to `memcpy'
libpcsxcore/new_dynarec/new_dynarec.o: In function `ndrc_add_jump_out':
new_dynarec.c:(.text.ndrc_add_jump_out+0x80): undefined reference to `realloc'
new_dynarec.c:(.text.ndrc_add_jump_out+0x98): undefined reference to `malloc'
new_dynarec.c:(.text.ndrc_add_jump_out+0xcc): undefined reference to `abort'
libpcsxcore/new_dynarec/new_dynarec.o: In function `evict_alloc_reg':
new_dynarec.c:(.text.evict_alloc_reg+0x2c): undefined reference to `memset'
new_dynarec.c:(.text.evict_alloc_reg+0x5d0): undefined reference to `abort'
libpcsxcore/new_dynarec/new_dynarec.o: In function `genjmp.part.48':
new_dynarec.c:(.text.genjmp.part.48+0x3c): undefined reference to `abort'
libpcsxcore/new_dynarec/new_dynarec.o: In function `get_const':
new_dynarec.c:(.text.get_const+0x48): undefined reference to `abort'
libpcsxcore/new_dynarec/new_dynarec.o: In function `block_info_new':
new_dynarec.c:(.text.block_info_new+0x28): undefined reference to `calloc'
new_dynarec.c:(.text.block_info_new+0x58): undefined reference to `abort'
libpcsxcore/new_dynarec/new_dynarec.o: In function `make_rregs.constprop.82':
new_dynarec.c:(.text.make_rregs.constprop.82+0x1c): undefined reference to `memset'
libpcsxcore/new_dynarec/new_dynarec.o: In function `get_ro_reg.constprop.99':
new_dynarec.c:(.text.get_ro_reg.constprop.99+0x18): undefined reference to `abort'
libpcsxcore/new_dynarec/new_dynarec.o: In function `pass3_register_alloc':
new_dynarec.c:(.text.pass3_register_alloc+0x2c): undefined reference to `memset'
new_dynarec.c:(.text.pass3_register_alloc+0x40): undefined reference to `memset'
new_dynarec.c:(.text.pass3_register_alloc+0x170): undefined reference to `memcpy'
new_dynarec.c:(.text.pass3_register_alloc+0x2f8): undefined reference to `memcpy'
new_dynarec.c:(.text.pass3_register_alloc+0x508): undefined reference to `memcpy'
new_dynarec.c:(.text.pass3_register_alloc+0x81c): undefined reference to `memcpy'
new_dynarec.c:(.text.pass3_register_alloc+0x90c): undefined reference to `memcpy'
libpcsxcore/new_dynarec/new_dynarec.o:new_dynarec.c:(.text.pass3_register_alloc+0x9f4): more undefined references to `memcpy' follow
libpcsxcore/new_dynarec/new_dynarec.o: In function `pass3_register_alloc':
new_dynarec.c:(.text.pass3_register_alloc+0x11a0): undefined reference to `memset'
new_dynarec.c:(.text.pass3_register_alloc+0x122c): undefined reference to `memcpy'
new_dynarec.c:(.text.pass3_register_alloc+0x1398): undefined reference to `memset'
new_dynarec.c:(.text.pass3_register_alloc+0x1714): undefined reference to `memcpy'
new_dynarec.c:(.text.pass3_register_alloc+0x1ca4): undefined reference to `abort'
libpcsxcore/new_dynarec/new_dynarec.o: In function `new_dyna_clear_cache':
new_dynarec.c:(.text.new_dyna_clear_cache+0xc): undefined reference to `msync'
libpcsxcore/new_dynarec/new_dynarec.o: In function `get_trampoline':
new_dynarec.c:(.text.get_trampoline+0x64): undefined reference to `abort'
libpcsxcore/new_dynarec/new_dynarec.o: In function `block_info_finish':
new_dynarec.c:(.text.block_info_finish+0x84): undefined reference to `memcpy'
new_dynarec.c:(.text.block_info_finish+0xb0): undefined reference to `free'
new_dynarec.c:(.text.block_info_finish+0x1bc): undefined reference to `memcpy'
libpcsxcore/new_dynarec/new_dynarec.o: In function `new_recompile_block':
new_dynarec.c:(.text.new_recompile_block+0x2e80): undefined reference to `abort'
libpcsxcore/new_dynarec/new_dynarec.o: In function `get_addr':
new_dynarec.c:(.text.get_addr+0x1f0): undefined reference to `memcmp'
new_dynarec.c:(.text.get_addr+0x280): undefined reference to `memcpy'
libpcsxcore/new_dynarec/new_dynarec.o: In function `new_dynarec_invalidate_all_pages':
new_dynarec.c:(.text.new_dynarec_invalidate_all_pages+0x84): undefined reference to `free'
libpcsxcore/new_dynarec/new_dynarec.o: In function `new_dynarec_clear_full':
new_dynarec.c:(.text.new_dynarec_clear_full+0x30): undefined reference to `memset'
new_dynarec.c:(.text.new_dynarec_clear_full+0x180): undefined reference to `free'
libpcsxcore/new_dynarec/new_dynarec.o: In function `new_dynarec_init':
new_dynarec.c:(.text.new_dynarec_init+0x10): undefined reference to `sysconf'
new_dynarec.c:(.text.new_dynarec_init+0x74): undefined reference to `mprotect'
new_dynarec.c:(.text.new_dynarec_init+0x178): undefined reference to `__get_errno_ptr'
new_dynarec.c:(.text.new_dynarec_init+0x184): undefined reference to `strerror'
libpcsxcore/new_dynarec/new_dynarec.o: In function `new_dynarec_save_blocks':
new_dynarec.c:(.text.new_dynarec_save_blocks+0xb4): undefined reference to `qsort'
new_dynarec.c:(.text.new_dynarec_save_blocks+0x1b4): undefined reference to `memcpy'
libpcsxcore/new_dynarec/new_dynarec.o: In function `new_dynarec_load_blocks':
new_dynarec.c:(.text.new_dynarec_load_blocks+0x6c): undefined reference to `memcmp'
new_dynarec.c:(.text.new_dynarec_load_blocks+0xe0): undefined reference to `free'
libpcsxcore/new_dynarec/new_dynarec.o: In function `new_dynarec_cleanup':
new_dynarec.c:(.text.new_dynarec_cleanup+0x68): undefined reference to `free'
libpcsxcore/new_dynarec/pcsxmem.o: In function `map_item_.part.1':
pcsxmem.c:(.text.map_item_.part.1+0x14): undefined reference to `abort'
libpcsxcore/new_dynarec/pcsxmem.o: In function `new_dyna_pcsx_mem_isolate':
pcsxmem.c:(.text.new_dyna_pcsx_mem_isolate+0x180): undefined reference to `abort'
pcsxmem.c:(.text.new_dyna_pcsx_mem_isolate+0x190): undefined reference to `abort'
libpcsxcore/new_dynarec/pcsxmem.o: In function `new_dyna_pcsx_mem_init':
pcsxmem.c:(.text.new_dyna_pcsx_mem_init+0x28): undefined reference to `memset'
pcsxmem.c:(.text.new_dyna_pcsx_mem_init+0x1448): undefined reference to `abort'
pcsxmem.c:(.text.new_dyna_pcsx_mem_init+0x145c): undefined reference to `abort'
pcsxmem.c:(.text.new_dyna_pcsx_mem_init+0x146c): undefined reference to `abort'
pcsxmem.c:(.text.new_dyna_pcsx_mem_init+0x1484): undefined reference to `abort'
pcsxmem.c:(.text.new_dyna_pcsx_mem_init+0x1494): undefined reference to `abort'
libpcsxcore/new_dynarec/pcsxmem.o:pcsxmem.c:(.text.new_dyna_pcsx_mem_init+0x14d0): more undefined references to `abort' follow
libpcsxcore/new_dynarec/pcsxmem.o: In function `new_dyna_pcsx_mem_init':
pcsxmem.c:(.text.new_dyna_pcsx_mem_init+0x14f8): undefined reference to `exit'
pcsxmem.c:(.text.new_dyna_pcsx_mem_init+0x1510): undefined reference to `abort'
pcsxmem.c:(.text.new_dyna_pcsx_mem_init+0x152c): undefined reference to `abort'
pcsxmem.c:(.text.new_dyna_pcsx_mem_init+0x153c): undefined reference to `abort'
pcsxmem.c:(.text.new_dyna_pcsx_mem_init+0x1560): undefined reference to `abort'
pcsxmem.c:(.text.new_dyna_pcsx_mem_init+0x1588): undefined reference to `abort'
libpcsxcore/new_dynarec/pcsxmem.o:pcsxmem.c:(.text.new_dyna_pcsx_mem_init+0x159c): more undefined references to `abort' follow
libpcsxcore/new_dynarec/emu_if.o: In function `ari64_execute_threaded_slow':
emu_if.c:(.text.ari64_execute_threaded_slow+0xcc): undefined reference to `memcpy'
libpcsxcore/new_dynarec/emu_if.o: In function `ari64_execute_threaded_block':
emu_if.c:(.text.ari64_execute_threaded_block+0xdc): undefined reference to `usleep'
libpcsxcore/new_dynarec/emu_if.o: In function `ari64_reset':
emu_if.c:(.text.ari64_reset+0x34): undefined reference to `usleep'
libpcsxcore/new_dynarec/emu_if.o: In function `ari64_clear':
emu_if.c:(.text.ari64_clear+0x94): undefined reference to `usleep'
libpcsxcore/new_dynarec/emu_if.o: In function `mixed_clear':
emu_if.c:(.text.mixed_clear+0x88): undefined reference to `usleep'
libpcsxcore/new_dynarec/emu_if.o: In function `ari64_apply_config':
emu_if.c:(.text.ari64_apply_config+0x34): undefined reference to `usleep'
libpcsxcore/new_dynarec/emu_if.o:emu_if.c:(.text.ari64_init+0x9c): more undefined references to `usleep' follow
libpcsxcore/new_dynarec/emu_if.o: In function `ndrc_freeze':
emu_if.c:(.text.ndrc_freeze+0x124): undefined reference to `strcmp'
libpcsxcore/new_dynarec/emu_if.o: In function `ndrc_clear_full':
emu_if.c:(.text.ndrc_clear_full+0x34): undefined reference to `usleep'
plugins/dfsound/dma.o: In function `SPUwriteDMAMem':
dma.c:(.text.SPUwriteDMAMem+0x2e0): undefined reference to `memcpy'
plugins/dfsound/freeze.o: In function `DoFreeze':
freeze.c:(.text.DoFreeze+0x70): undefined reference to `memcpy'
freeze.c:(.text.DoFreeze+0xa4): undefined reference to `strcmp'
freeze.c:(.text.DoFreeze+0x300): undefined reference to `memcpy'
freeze.c:(.text.DoFreeze+0x344): undefined reference to `memcpy'
freeze.c:(.text.DoFreeze+0x378): undefined reference to `memcpy'
freeze.c:(.text.DoFreeze+0x478): undefined reference to `memcpy'
freeze.c:(.text.DoFreeze+0x490): undefined reference to `memcpy'
freeze.c:(.text.DoFreeze+0x4b0): undefined reference to `memset'
freeze.c:(.text.DoFreeze+0x538): undefined reference to `memcpy'
freeze.c:(.text.DoFreeze+0x7c4): undefined reference to `memcpy'
freeze.c:(.text.DoFreeze+0x7e8): undefined reference to `memset'
freeze.c:(.text.DoFreeze+0x7fc): undefined reference to `memcpy'
freeze.c:(.text.DoFreeze+0x904): undefined reference to `memset'
freeze.c:(.text.DoFreeze+0xb28): undefined reference to `memset'
freeze.c:(.text.DoFreeze+0xbb4): undefined reference to `memcpy'
freeze.c:(.text.DoFreeze+0xcd4): undefined reference to `memcpy'
freeze.c:(.text.DoFreeze+0xce8): undefined reference to `memcpy'
freeze.c:(.text.DoFreeze+0xcf8): undefined reference to `memcpy'
freeze.c:(.text.DoFreeze+0xd08): undefined reference to `memcpy'
plugins/dfsound/freeze.o:freeze.c:(.text.DoFreeze+0xd74): more undefined references to `memcpy' follow
plugins/dfsound/freeze.o: In function `DoFreeze':
freeze.c:(.text.DoFreeze+0xdac): undefined reference to `memset'
plugins/dfsound/spu.o: In function `decode_block':
spu.c:(.text.decode_block+0x88): undefined reference to `memcpy'
plugins/dfsound/spu.o: In function `do_samples_finish.isra.5':
spu.c:(.text.do_samples_finish.isra.5+0x308): undefined reference to `memset'
spu.c:(.text.do_samples_finish.isra.5+0x318): undefined reference to `memset'
spu.c:(.text.do_samples_finish.isra.5+0x348): undefined reference to `memset'
spu.c:(.text.do_samples_finish.isra.5+0x36c): undefined reference to `memset'
plugins/dfsound/spu.o: In function `init_spu_thread':
spu.c:(.text.init_spu_thread+0x50): undefined reference to `calloc'
spu.c:(.text.init_spu_thread+0x74): undefined reference to `sem_init'
spu.c:(.text.init_spu_thread+0x8c): undefined reference to `sem_init'
spu.c:(.text.init_spu_thread+0xb8): undefined reference to `sem_destroy'
spu.c:(.text.init_spu_thread+0xc8): undefined reference to `sem_destroy'
spu.c:(.text.init_spu_thread+0xd8): undefined reference to `free'
plugins/dfsound/spu.o: In function `spu_worker_thread':
spu.c:(.text.spu_worker_thread+0x4c): undefined reference to `sem_wait'
spu.c:(.text.spu_worker_thread+0x344): undefined reference to `sem_post'
spu.c:(.text.spu_worker_thread+0x3ec): undefined reference to `memset'
spu.c:(.text.spu_worker_thread+0x480): undefined reference to `memcpy'
spu.c:(.text.spu_worker_thread+0x560): undefined reference to `memset'
plugins/dfsound/spu.o: In function `queue_channel_work':
spu.c:(.text.queue_channel_work+0x470): undefined reference to `memcpy'
spu.c:(.text.queue_channel_work+0x544): undefined reference to `sem_post'
spu.c:(.text.queue_channel_work+0x7b4): undefined reference to `memset'
plugins/dfsound/spu.o: In function `decode_block_work':
spu.c:(.text.decode_block_work+0x64): undefined reference to `memcpy'
plugins/dfsound/spu.o: In function `sync_worker_thread':
spu.c:(.text.sync_worker_thread+0xf0): undefined reference to `sem_wait'
spu.c:(.text.sync_worker_thread+0x5bc): undefined reference to `memcpy'
plugins/dfsound/spu.o: In function `FeedCDDA':
spu.c:(.text.FeedCDDA+0x88): undefined reference to `memcpy'
plugins/dfsound/spu.o: In function `do_samples':
spu.c:(.text.do_samples+0x584): undefined reference to `memset'
spu.c:(.text.do_samples+0x668): undefined reference to `memset'
spu.c:(.text.do_samples+0x6bc): undefined reference to `memcpy'
plugins/dfsound/spu.o: In function `ClearWorkingState':
spu.c:(.text.ClearWorkingState+0x18): undefined reference to `memset'
plugins/dfsound/spu.o: In function `SPUinit':
spu.c:(.text.SPUinit+0x24): undefined reference to `memset'
spu.c:(.text.SPUinit+0x34): undefined reference to `calloc'
spu.c:(.text.SPUinit+0x50): undefined reference to `calloc'
spu.c:(.text.SPUinit+0x60): undefined reference to `calloc'
spu.c:(.text.SPUinit+0x70): undefined reference to `malloc'
spu.c:(.text.SPUinit+0x80): undefined reference to `calloc'
spu.c:(.text.SPUinit+0x90): undefined reference to `malloc'
spu.c:(.text.SPUinit+0xb4): undefined reference to `malloc'
plugins/dfsound/spu.o: In function `SPUshutdown':
spu.c:(.text.SPUshutdown+0x3c): undefined reference to `sem_post'
spu.c:(.text.SPUshutdown+0x4c): undefined reference to `sem_destroy'
spu.c:(.text.SPUshutdown+0x54): undefined reference to `sem_destroy'
spu.c:(.text.SPUshutdown+0x5c): undefined reference to `free'
spu.c:(.text.SPUshutdown+0x78): undefined reference to `free'
spu.c:(.text.SPUshutdown+0x84): undefined reference to `free'
spu.c:(.text.SPUshutdown+0x90): undefined reference to `free'
spu.c:(.text.SPUshutdown+0x9c): undefined reference to `free'
plugins/dfsound/spu.o:spu.c:(.text.SPUshutdown+0xa8): more undefined references to `free' follow
plugins/dfsound/spu.o: In function `SPUconfigure':
spu.c:(.text.SPUconfigure+0x60): undefined reference to `sem_post'
spu.c:(.text.SPUconfigure+0x70): undefined reference to `sem_destroy'
spu.c:(.text.SPUconfigure+0x78): undefined reference to `sem_destroy'
spu.c:(.text.SPUconfigure+0x80): undefined reference to `free'
plugins/dfsound/out.o: In function `SetupSound':
out.c:(.text.SetupSound+0xc8): undefined reference to `puts'
out.c:(.text.SetupSound+0xcc): undefined reference to `abort'
plugins/gpulib/gpu.o: In function `do_cmd_list_skip':
gpu.c:(.text.do_cmd_list_skip+0x77c): undefined reference to `memcpy'
plugins/gpulib/gpu.o: In function `GPUshutdown':
gpu.c:(.text.GPUshutdown+0x38): undefined reference to `free'
plugins/gpulib/gpu.o: In function `do_vram_copy':
gpu.c:(.text.do_vram_copy+0xec): undefined reference to `memcpy'
plugins/gpulib/gpu.o: In function `do_cmd_buffer':
gpu.c:(.text.do_cmd_buffer+0x348): undefined reference to `memcpy'
gpu.c:(.text.do_cmd_buffer+0x400): undefined reference to `memcpy'
gpu.c:(.text.do_cmd_buffer+0x46c): undefined reference to `memcpy'
plugins/gpulib/gpu.o: In function `do_reset':
gpu.c:(.text.do_reset+0x44): undefined reference to `memset'
plugins/gpulib/gpu.o: In function `flush_cmd_buffer':
gpu.c:(.text.flush_cmd_buffer+0x58): undefined reference to `memmove'
plugins/gpulib/gpu.o: In function `GPUdmaChain':
gpu.c:(.text.GPUdmaChain+0x170): undefined reference to `memcpy'
gpu.c:(.text.GPUdmaChain+0x220): undefined reference to `memcpy'
plugins/gpulib/gpu.o: In function `GPUreadDataMem':
gpu.c:(.text.GPUreadDataMem+0xd8): undefined reference to `memcpy'
gpu.c:(.text.GPUreadDataMem+0x134): undefined reference to `memcpy'
gpu.c:(.text.GPUreadDataMem+0x190): undefined reference to `memcpy'
plugins/gpulib/gpu.o:gpu.c:(.text.GPUreadData+0xcc): more undefined references to `memcpy' follow
plugins/gpulib/gpu.o: In function `GPUrearmedCallbacks':
gpu.c:(.text.GPUrearmedCallbacks+0x210): undefined reference to `calloc'
plugins/gpulib/gpu_async.o: In function `gpu_async_thread':
gpu_async.c:(.text.gpu_async_thread+0x2dc): undefined reference to `memcpy'
plugins/gpulib/gpu_async.o: In function `gpu_async_try_dma':
gpu_async.c:(.text.gpu_async_try_dma+0xd0): undefined reference to `memcpy'
gpu_async.c:(.text.gpu_async_try_dma+0x110): undefined reference to `memcpy'
gpu_async.c:(.text.gpu_async_try_dma+0x158): undefined reference to `memset'
gpu_async.c:(.text.gpu_async_try_dma+0x1a4): undefined reference to `memcpy'
gpu_async.c:(.text.gpu_async_try_dma+0x1ec): undefined reference to `memset'
gpu_async.c:(.text.gpu_async_try_dma+0x260): undefined reference to `memset'
plugins/gpulib/gpu_async.o: In function `gpu_async_notify_screen_change':
gpu_async.c:(.text.gpu_async_notify_screen_change+0xac): undefined reference to `memcpy'
gpu_async.c:(.text.gpu_async_notify_screen_change+0x128): undefined reference to `memset'
plugins/gpulib/gpu_async.o: In function `gpu_async_set_interlace':
gpu_async.c:(.text.gpu_async_set_interlace+0x8c): undefined reference to `memcpy'
gpu_async.c:(.text.gpu_async_set_interlace+0x108): undefined reference to `memset'
plugins/gpulib/gpu_async.o: In function `gpu_async_do_cmd_list':
gpu_async.c:(.text.gpu_async_do_cmd_list+0x4e0): undefined reference to `memcpy'
gpu_async.c:(.text.gpu_async_do_cmd_list+0x620): undefined reference to `memset'
gpu_async.c:(.text.gpu_async_do_cmd_list+0xb9c): undefined reference to `memcpy'
gpu_async.c:(.text.gpu_async_do_cmd_list+0xc10): undefined reference to `memcpy'
gpu_async.c:(.text.gpu_async_do_cmd_list+0xc84): undefined reference to `memset'
gpu_async.c:(.text.gpu_async_do_cmd_list+0xf7c): undefined reference to `memset'
plugins/gpulib/gpu_async.o: In function `gpu_async_sync_ecmds':
gpu_async.c:(.text.gpu_async_sync_ecmds+0x7c): undefined reference to `memcpy'
gpu_async.c:(.text.gpu_async_sync_ecmds+0xf4): undefined reference to `memset'
gpu_async.c:(.text.gpu_async_sync_ecmds+0x130): undefined reference to `memcpy'
plugins/gpulib/gpu_async.o: In function `gpu_async_stop':
gpu_async.c:(.text.gpu_async_stop+0xa8): undefined reference to `free'
plugins/gpulib/gpu_async.o: In function `gpu_async_enable':
gpu_async.c:(.text.gpu_async_enable+0x4c): undefined reference to `calloc'
gpu_async.c:(.text.gpu_async_enable+0x19c): undefined reference to `free'
plugins/gpu_neon/psx_gpu_if.o: In function `initialize_psx_gpu':
psx_gpu_if.c:(.text.initialize_psx_gpu+0x28): undefined reference to `memcpy'
psx_gpu_if.c:(.text.initialize_psx_gpu+0xc4): undefined reference to `memset'
plugins/gpu_neon/psx_gpu_if.o: In function `get_us':
psx_gpu_if.c:(.text.get_us+0x10): undefined reference to `gettimeofday'
plugins/gpu_neon/psx_gpu_if.o: In function `gpu_parse':
psx_gpu_if.c:(.text.gpu_parse+0x3c): undefined reference to `memset'
plugins/gpu_neon/psx_gpu_if.o: In function `gpu_parse_enhanced':
psx_gpu_if.c:(.text.gpu_parse_enhanced+0x50): undefined reference to `memset'
deps/libchdr/src/libchdr_bitstream.o: In function `create_bitstream':
libchdr_bitstream.c:(.text.create_bitstream+0x10): undefined reference to `malloc'
deps/libchdr/src/libchdr_cdrom.o: In function `ecc_clear':
libchdr_cdrom.c:(.text.ecc_clear+0x18): undefined reference to `memset'
libchdr_cdrom.c:(.text.ecc_clear+0x30): undefined reference to `memset'
deps/libchdr/src/libchdr_cdrom.o: In function `cd_codec_decompress':
libchdr_cdrom.c:(.text.cd_codec_decompress+0x138): undefined reference to `memcpy'
libchdr_cdrom.c:(.text.cd_codec_decompress+0x14c): undefined reference to `memcpy'
libchdr_cdrom.c:(.text.cd_codec_decompress+0x180): undefined reference to `memcpy'
deps/libchdr/src/libchdr_chd.o: In function `core_stdio_fseek':
libchdr_chd.c:(.text.core_stdio_fseek+0x0): undefined reference to `fseeko64'
deps/libchdr/src/libchdr_chd.o: In function `core_stdio_fread':
libchdr_chd.c:(.text.core_stdio_fread+0x0): undefined reference to `fread'
deps/libchdr/src/libchdr_chd.o: In function `core_stdio_fsize':
libchdr_chd.c:(.text.core_stdio_fsize+0xc): undefined reference to `ftello64'
libchdr_chd.c:(.text.core_stdio_fsize+0x2c): undefined reference to `fseeko64'
libchdr_chd.c:(.text.core_stdio_fsize+0x34): undefined reference to `ftello64'
libchdr_chd.c:(.text.core_stdio_fsize+0x54): undefined reference to `fseeko64'
deps/libchdr/src/libchdr_chd.o: In function `core_stdio_fclose':
libchdr_chd.c:(.text.core_stdio_fclose+0x0): undefined reference to `fclose'
deps/libchdr/src/libchdr_chd.o: In function `map_read':
libchdr_chd.c:(.text.map_read+0x30): undefined reference to `malloc'
libchdr_chd.c:(.text.map_read+0xa4): undefined reference to `free'
libchdr_chd.c:(.text.map_read+0x464): undefined reference to `memcmp'
deps/libchdr/src/libchdr_chd.o: In function `hunk_read_into_memory':
libchdr_chd.c:(.text.hunk_read_into_memory+0x1e4): undefined reference to `memcpy'
libchdr_chd.c:(.text.hunk_read_into_memory+0x624): undefined reference to `memset'
libchdr_chd.c:(.text.hunk_read_into_memory+0x730): undefined reference to `memcpy'
libchdr_chd.c:(.text.hunk_read_into_memory+0x760): undefined reference to `malloc'
libchdr_chd.c:(.text.hunk_read_into_memory+0x7b0): undefined reference to `memcpy'
libchdr_chd.c:(.text.hunk_read_into_memory+0x7e0): undefined reference to `memcpy'
libchdr_chd.c:(.text.hunk_read_into_memory+0x7e8): undefined reference to `free'
libchdr_chd.c:(.text.hunk_read_into_memory+0x7f8): undefined reference to `free'
deps/libchdr/src/libchdr_chd.o: In function `chd_precache':
libchdr_chd.c:(.text.chd_precache+0x30): undefined reference to `malloc'
libchdr_chd.c:(.text.chd_precache+0x70): undefined reference to `free'
deps/libchdr/src/libchdr_chd.o: In function `chd_close':
libchdr_chd.c:(.text.chd_close+0x154): undefined reference to `free'
libchdr_chd.c:(.text.chd_close+0x164): undefined reference to `free'
libchdr_chd.c:(.text.chd_close+0x190): undefined reference to `free'
libchdr_chd.c:(.text.chd_close+0x1b0): undefined reference to `free'
deps/libchdr/src/libchdr_chd.o:libchdr_chd.c:(.text.chd_close+0x240): more undefined references to `free' follow
deps/libchdr/src/libchdr_chd.o: In function `chd_get_metadata':
libchdr_chd.c:(.text.chd_get_metadata+0xe4): undefined reference to `snprintf'
libchdr_chd.c:(.text.chd_get_metadata+0xec): undefined reference to `strlen'
libchdr_chd.c:(.text.chd_get_metadata+0x10c): undefined reference to `memcpy'
deps/libchdr/src/libchdr_chd.o: In function `header_guess_unitbytes':
libchdr_chd.c:(.text.unlikely.header_guess_unitbytes+0x64): undefined reference to `sscanf'
deps/libchdr/src/libchdr_chd.o: In function `header_read.part.6':
libchdr_chd.c:(.text.header_read.part.6+0x78): undefined reference to `memcmp'
libchdr_chd.c:(.text.header_read.part.6+0x98): undefined reference to `memset'
libchdr_chd.c:(.text.header_read.part.6+0x2b4): undefined reference to `memcpy'
libchdr_chd.c:(.text.header_read.part.6+0x2c4): undefined reference to `memcpy'
libchdr_chd.c:(.text.header_read.part.6+0x2d4): undefined reference to `memcpy'
libchdr_chd.c:(.text.header_read.part.6+0x420): undefined reference to `memcpy'
libchdr_chd.c:(.text.header_read.part.6+0x430): undefined reference to `memcpy'
deps/libchdr/src/libchdr_chd.o:libchdr_chd.c:(.text.header_read.part.6+0x440): more undefined references to `memcpy' follow
deps/libchdr/src/libchdr_chd.o: In function `header_read.part.6':
libchdr_chd.c:(.text.header_read.part.6+0x798): undefined reference to `memcmp'
libchdr_chd.c:(.text.header_read.part.6+0x7b4): undefined reference to `memcmp'
deps/libchdr/src/libchdr_chd.o: In function `chd_open_core_file_callbacks':
libchdr_chd.c:(.text.chd_open_core_file_callbacks+0x54): undefined reference to `malloc'
libchdr_chd.c:(.text.chd_open_core_file_callbacks+0x6c): undefined reference to `memset'
libchdr_chd.c:(.text.chd_open_core_file_callbacks+0xe4): undefined reference to `memcmp'
libchdr_chd.c:(.text.chd_open_core_file_callbacks+0x104): undefined reference to `memcmp'
libchdr_chd.c:(.text.chd_open_core_file_callbacks+0x11c): undefined reference to `memcmp'
libchdr_chd.c:(.text.chd_open_core_file_callbacks+0x17c): undefined reference to `memcmp'
libchdr_chd.c:(.text.chd_open_core_file_callbacks+0x1a8): undefined reference to `memcmp'
deps/libchdr/src/libchdr_chd.o:libchdr_chd.c:(.text.chd_open_core_file_callbacks+0x1c8): more undefined references to `memcmp' follow
deps/libchdr/src/libchdr_chd.o: In function `chd_open_core_file_callbacks':
libchdr_chd.c:(.text.chd_open_core_file_callbacks+0x210): undefined reference to `malloc'
libchdr_chd.c:(.text.chd_open_core_file_callbacks+0x474): undefined reference to `malloc'
libchdr_chd.c:(.text.chd_open_core_file_callbacks+0x700): undefined reference to `malloc'
libchdr_chd.c:(.text.chd_open_core_file_callbacks+0x734): undefined reference to `free'
libchdr_chd.c:(.text.chd_open_core_file_callbacks+0x848): undefined reference to `malloc'
libchdr_chd.c:(.text.chd_open_core_file_callbacks+0x8c8): undefined reference to `free'
libchdr_chd.c:(.text.chd_open_core_file_callbacks+0x8d0): undefined reference to `free'
libchdr_chd.c:(.text.chd_open_core_file_callbacks+0xa5c): undefined reference to `free'
libchdr_chd.c:(.text.chd_open_core_file_callbacks+0xa64): undefined reference to `free'
libchdr_chd.c:(.text.chd_open_core_file_callbacks+0xc48): undefined reference to `free'
deps/libchdr/src/libchdr_chd.o:libchdr_chd.c:(.text.chd_open_core_file_callbacks+0xc50): more undefined references to `free' follow
deps/libchdr/src/libchdr_chd.o: In function `chd_open':
libchdr_chd.c:(.text.chd_open+0x34): undefined reference to `fopen64'
deps/libchdr/src/libchdr_chd.o: In function `chd_read_header_core_file_callbacks.part.7':
libchdr_chd.c:(.text.chd_read_header_core_file_callbacks.part.7+0x74): undefined reference to `memcpy'
deps/libchdr/src/libchdr_chd.o: In function `chd_read_header':
libchdr_chd.c:(.text.chd_read_header+0x1c): undefined reference to `fopen64'
libchdr_chd.c:(.text.chd_read_header+0x48): undefined reference to `fclose'
deps/libchdr/src/libchdr_codec_cdfl.o: In function `cdfl_codec_init':
libchdr_codec_cdfl.c:(.text.cdfl_codec_init+0x38): undefined reference to `malloc'
deps/libchdr/src/libchdr_codec_cdfl.o: In function `cdfl_codec_free':
libchdr_codec_cdfl.c:(.text.cdfl_codec_free+0x28): undefined reference to `free'
deps/libchdr/src/libchdr_codec_cdfl.o: In function `cdfl_codec_decompress':
libchdr_codec_cdfl.c:(.text.cdfl_codec_decompress+0xf8): undefined reference to `memcpy'
libchdr_codec_cdfl.c:(.text.cdfl_codec_decompress+0x114): undefined reference to `memcpy'
deps/libchdr/src/libchdr_codec_cdlz.o: In function `cdlz_codec_init':
libchdr_codec_cdlz.c:(.text.cdlz_codec_init+0x10): undefined reference to `malloc'
deps/libchdr/src/libchdr_codec_cdlz.o: In function `cdlz_codec_free':
libchdr_codec_cdlz.c:(.text.cdlz_codec_free+0xc): undefined reference to `free'
deps/libchdr/src/libchdr_codec_cdzl.o: In function `cdzl_codec_init':
libchdr_codec_cdzl.c:(.text.cdzl_codec_init+0x38): undefined reference to `malloc'
deps/libchdr/src/libchdr_codec_cdzl.o: In function `cdzl_codec_free':
libchdr_codec_cdzl.c:(.text.cdzl_codec_free+0x1c): undefined reference to `free'
deps/libchdr/src/libchdr_codec_cdzs.o: In function `cdzs_codec_init':
libchdr_codec_cdzs.c:(.text.cdzs_codec_init+0x10): undefined reference to `malloc'
deps/libchdr/src/libchdr_codec_cdzs.o: In function `cdzs_codec_free':
libchdr_codec_cdzs.c:(.text.cdzs_codec_free+0xc): undefined reference to `free'
deps/libchdr/src/libchdr_codec_huff.o: In function `huff_codec_decompress':
libchdr_codec_huff.c:(.text.huff_codec_decompress+0x78): undefined reference to `free'
libchdr_codec_huff.c:(.text.huff_codec_decompress+0x88): undefined reference to `free'
deps/libchdr/src/libchdr_codec_lzma.o: In function `lzma_fast_alloc':
libchdr_codec_lzma.c:(.text.lzma_fast_alloc+0x64): undefined reference to `malloc'
deps/libchdr/src/libchdr_codec_lzma.o: In function `lzma_codec_init':
libchdr_codec_lzma.c:(.text.lzma_codec_init+0x3c): undefined reference to `memset'
libchdr_codec_lzma.c:(.text.lzma_codec_init+0x4c): undefined reference to `memset'
deps/libchdr/src/libchdr_codec_lzma.o: In function `lzma_codec_free':
libchdr_codec_lzma.c:(.text.lzma_codec_free+0x20): undefined reference to `free'
deps/libchdr/src/libchdr_codec_zlib.o: In function `zlib_fast_alloc':
libchdr_codec_zlib.c:(.text.zlib_fast_alloc+0x68): undefined reference to `malloc'
deps/libchdr/src/libchdr_codec_zlib.o: In function `zlib_codec_init':
libchdr_codec_zlib.c:(.text.zlib_codec_init+0x10): undefined reference to `memset'
deps/libchdr/src/libchdr_codec_zlib.o: In function `zlib_codec_free':
libchdr_codec_zlib.c:(.text.zlib_codec_free+0x24): undefined reference to `free'
deps/libchdr/src/libchdr_flac.o: In function `drflac__on_read_memory':
libchdr_flac.c:(.text.drflac__on_read_memory+0x38): undefined reference to `memcpy'
deps/libchdr/src/libchdr_flac.o: In function `flac_decoder_read_callback':
libchdr_flac.c:(.text.flac_decoder_read_callback+0x7c): undefined reference to `memcpy'
libchdr_flac.c:(.text.flac_decoder_read_callback+0xb4): undefined reference to `memcpy'
deps/libchdr/src/libchdr_flac.o: In function `drflac__free_default':
libchdr_flac.c:(.text.drflac__free_default+0x0): undefined reference to `free'
deps/libchdr/src/libchdr_flac.o: In function `drflac__realloc_default':
libchdr_flac.c:(.text.drflac__realloc_default+0x0): undefined reference to `realloc'
deps/libchdr/src/libchdr_flac.o: In function `drflac__malloc_default':
libchdr_flac.c:(.text.drflac__malloc_default+0x0): undefined reference to `malloc'
deps/libchdr/src/libchdr_flac.o: In function `drflac__read_streaminfo':
libchdr_flac.c:(.text.drflac__read_streaminfo+0x114): undefined reference to `memcpy'
deps/libchdr/src/libchdr_flac.o: In function `drflac_ogg__read_page_header':
libchdr_flac.c:(.text.drflac_ogg__read_page_header+0x124): undefined reference to `memcpy'
libchdr_flac.c:(.text.drflac_ogg__read_page_header+0x134): undefined reference to `memcpy'
libchdr_flac.c:(.text.drflac_ogg__read_page_header+0x144): undefined reference to `memcpy'
libchdr_flac.c:(.text.drflac_ogg__read_page_header+0x154): undefined reference to `memcpy'
deps/libchdr/src/libchdr_flac.o:libchdr_flac.c:(.text.drflac__init_private__ogg.isra.19+0xbc): more undefined references to `memcpy' follow
deps/libchdr/src/libchdr_flac.o: In function `drflac__seek_to_first_frame':
libchdr_flac.c:(.text.drflac__seek_to_first_frame+0x4c): undefined reference to `memset'
deps/libchdr/src/libchdr_flac.o: In function `drflac__seek_flac_frame':
libchdr_flac.c:(.text.drflac__seek_flac_frame+0x28): undefined reference to `memcpy'
deps/libchdr/src/libchdr_flac.o: In function `drflac__decode_flac_frame':
libchdr_flac.c:(.text.drflac__decode_flac_frame+0x18): undefined reference to `memset'
libchdr_flac.c:(.text.drflac__decode_flac_frame+0x50): undefined reference to `memcpy'
libchdr_flac.c:(.text.drflac__decode_flac_frame+0x974): undefined reference to `memset'
deps/libchdr/src/libchdr_flac.o: In function `drflac__read_next_flac_frame_header':
libchdr_flac.c:(.text.drflac__read_next_flac_frame_header+0x78): undefined reference to `memcpy'
deps/libchdr/src/libchdr_flac.o: In function `drflac__init_private__native.isra.3':
libchdr_flac.c:(.text.drflac__init_private__native.isra.3+0xd8): undefined reference to `memcpy'
deps/libchdr/src/libchdr_flac.o: In function `drflac__init_private':
libchdr_flac.c:(.text.drflac__init_private+0x60): undefined reference to `memset'
libchdr_flac.c:(.text.drflac__init_private+0x124): undefined reference to `memcpy'
deps/libchdr/src/libchdr_flac.o: In function `drflac__seek_to_pcm_frame__binary_search_internal':
libchdr_flac.c:(.text.drflac__seek_to_pcm_frame__binary_search_internal+0x180): undefined reference to `memset'
libchdr_flac.c:(.text.drflac__seek_to_pcm_frame__binary_search_internal+0x27c): undefined reference to `memset'
libchdr_flac.c:(.text.drflac__seek_to_pcm_frame__binary_search_internal+0x590): undefined reference to `memset'
libchdr_flac.c:(.text.drflac__seek_to_pcm_frame__binary_search_internal+0x668): undefined reference to `memset'
deps/libchdr/src/libchdr_flac.o: In function `drflac_open_with_metadata_private.constprop.25':
libchdr_flac.c:(.text.drflac_open_with_metadata_private.constprop.25+0x244): undefined reference to `memset'
libchdr_flac.c:(.text.drflac_open_with_metadata_private.constprop.25+0x254): undefined reference to `memcpy'
libchdr_flac.c:(.text.drflac_open_with_metadata_private.constprop.25+0x494): undefined reference to `memset'
libchdr_flac.c:(.text.drflac_open_with_metadata_private.constprop.25+0x4cc): undefined reference to `memcpy'
libchdr_flac.c:(.text.drflac_open_with_metadata_private.constprop.25+0x61c): undefined reference to `memcpy'
deps/libchdr/src/libchdr_flac.o: In function `drflac_open_with_metadata_private':
libchdr_flac.c:(.text.drflac_open_with_metadata_private+0x320): undefined reference to `memset'
libchdr_flac.c:(.text.drflac_open_with_metadata_private+0x330): undefined reference to `memcpy'
libchdr_flac.c:(.text.drflac_open_with_metadata_private+0x798): undefined reference to `memcpy'
libchdr_flac.c:(.text.drflac_open_with_metadata_private+0x8cc): undefined reference to `memcpy'
libchdr_flac.c:(.text.drflac_open_with_metadata_private+0x924): undefined reference to `memcpy'
libchdr_flac.c:(.text.drflac_open_with_metadata_private+0x958): undefined reference to `memcpy'
deps/libchdr/src/libchdr_flac.o:libchdr_flac.c:(.text.drflac_open_with_metadata_private+0x994): more undefined references to `memcpy' follow
deps/libchdr/src/libchdr_flac.o: In function `drflac_open_with_metadata_private':
libchdr_flac.c:(.text.drflac_open_with_metadata_private+0x115c): undefined reference to `memset'
libchdr_flac.c:(.text.drflac_open_with_metadata_private+0x11a4): undefined reference to `memcpy'
libchdr_flac.c:(.text.drflac_open_with_metadata_private+0x1304): undefined reference to `memcpy'
deps/libchdr/src/libchdr_flac.o: In function `drflac_read_pcm_frames_s32':
libchdr_flac.c:(.text.drflac_read_pcm_frames_s32+0x8c): undefined reference to `memcpy'
deps/libchdr/src/libchdr_flac.o: In function `drflac__full_read_and_close_s32':
libchdr_flac.c:(.text.drflac__full_read_and_close_s32+0x9c): undefined reference to `memcpy'
libchdr_flac.c:(.text.drflac__full_read_and_close_s32+0x178): undefined reference to `memcpy'
libchdr_flac.c:(.text.drflac__full_read_and_close_s32+0x1b8): undefined reference to `memset'
deps/libchdr/src/libchdr_flac.o: In function `drflac_read_pcm_frames_s16':
libchdr_flac.c:(.text.drflac_read_pcm_frames_s16+0x90): undefined reference to `memcpy'
deps/libchdr/src/libchdr_flac.o: In function `drflac__full_read_and_close_s16':
libchdr_flac.c:(.text.drflac__full_read_and_close_s16+0xa0): undefined reference to `memcpy'
libchdr_flac.c:(.text.drflac__full_read_and_close_s16+0x18c): undefined reference to `memcpy'
libchdr_flac.c:(.text.drflac__full_read_and_close_s16+0x1d0): undefined reference to `memset'
deps/libchdr/src/libchdr_flac.o: In function `drflac_read_pcm_frames_f32':
libchdr_flac.c:(.text.drflac_read_pcm_frames_f32+0x90): undefined reference to `memcpy'
deps/libchdr/src/libchdr_flac.o: In function `drflac__full_read_and_close_f32':
libchdr_flac.c:(.text.drflac__full_read_and_close_f32+0x9c): undefined reference to `memcpy'
libchdr_flac.c:(.text.drflac__full_read_and_close_f32+0x178): undefined reference to `memcpy'
libchdr_flac.c:(.text.drflac__full_read_and_close_f32+0x1b8): undefined reference to `memset'
deps/libchdr/src/libchdr_flac.o: In function `drflac_seek_to_pcm_frame':
libchdr_flac.c:(.text.drflac_seek_to_pcm_frame+0xf8): undefined reference to `memset'
libchdr_flac.c:(.text.drflac_seek_to_pcm_frame+0x208): undefined reference to `memset'
deps/libchdr/src/libchdr_flac.o: In function `drflac_free':
libchdr_flac.c:(.text.drflac_free+0x24): undefined reference to `free'
deps/libchdr/src/libchdr_flac.o: In function `drflac_next_cuesheet_track':
libchdr_flac.c:(.text.drflac_next_cuesheet_track+0x60): undefined reference to `memcpy'
deps/libchdr/src/libchdr_flac.o: In function `flac_decoder_reset':
libchdr_flac.c:(.text.flac_decoder_reset+0x3c): undefined reference to `memcpy'
deps/libchdr/src/libchdr_flac.o: In function `flac_decoder_decode_interleaved':
libchdr_flac.c:(.text.flac_decoder_decode_interleaved+0x3c): undefined reference to `memset'
deps/libchdr/src/libchdr_huffman.o: In function `create_huffman_decoder':
libchdr_huffman.c:(.text.create_huffman_decoder+0x18): undefined reference to `malloc'
libchdr_huffman.c:(.text.create_huffman_decoder+0x30): undefined reference to `malloc'
libchdr_huffman.c:(.text.create_huffman_decoder+0x40): undefined reference to `malloc'
deps/libchdr/src/libchdr_huffman.o: In function `delete_huffman_decoder':
libchdr_huffman.c:(.text.delete_huffman_decoder+0x1c): undefined reference to `free'
libchdr_huffman.c:(.text.delete_huffman_decoder+0x2c): undefined reference to `free'
libchdr_huffman.c:(.text.delete_huffman_decoder+0x38): undefined reference to `free'
deps/libchdr/src/libchdr_huffman.o: In function `huffman_build_tree':
libchdr_huffman.c:(.text.huffman_build_tree+0x1c): undefined reference to `malloc'
libchdr_huffman.c:(.text.huffman_build_tree+0x34): undefined reference to `memset'
libchdr_huffman.c:(.text.huffman_build_tree+0xdc): undefined reference to `qsort'
libchdr_huffman.c:(.text.huffman_build_tree+0x24c): undefined reference to `memmove'
libchdr_huffman.c:(.text.huffman_build_tree+0x28c): undefined reference to `qsort'
deps/libchdr/src/libchdr_huffman.o: In function `huffman_assign_canonical_codes':
libchdr_huffman.c:(.text.huffman_assign_canonical_codes+0x18): undefined reference to `memset'
deps/libchdr/deps/lzma-25.01/src/LzmaDec.o: In function `CHDR_LzmaDec_DecodeToBuf':
LzmaDec.c:(.text.CHDR_LzmaDec_DecodeToBuf+0xcc): undefined reference to `memcpy'
deps/libchdr/deps/zstd-1.5.7/zstddeclib.o: In function `FSE_buildDTable_internal':
zstddeclib.c:(.text.FSE_buildDTable_internal+0x140): undefined reference to `memcpy'
zstddeclib.c:(.text.FSE_buildDTable_internal+0x400): undefined reference to `memcpy'
deps/libchdr/deps/zstd-1.5.7/zstddeclib.o: In function `BIT_initDStream':
zstddeclib.c:(.text.BIT_initDStream+0xdc): undefined reference to `memset'
deps/libchdr/deps/zstd-1.5.7/zstddeclib.o: In function `ZSTD_safecopy':
zstddeclib.c:(.text.ZSTD_safecopy+0x450): undefined reference to `memcpy'
deps/libchdr/deps/zstd-1.5.7/zstddeclib.o: In function `ZSTD_execSequenceEndSplitLitBuffer':
zstddeclib.c:(.text.ZSTD_execSequenceEndSplitLitBuffer+0xf8): undefined reference to `memmove'
zstddeclib.c:(.text.ZSTD_execSequenceEndSplitLitBuffer+0x128): undefined reference to `memmove'
deps/libchdr/deps/zstd-1.5.7/zstddeclib.o: In function `ZSTD_execSequenceEnd':
zstddeclib.c:(.text.ZSTD_execSequenceEnd+0xf8): undefined reference to `memmove'
zstddeclib.c:(.text.ZSTD_execSequenceEnd+0x128): undefined reference to `memmove'
deps/libchdr/deps/zstd-1.5.7/zstddeclib.o: In function `ZSTD_execSequence':
zstddeclib.c:(.text.ZSTD_execSequence+0xc4): undefined reference to `memmove'
deps/libchdr/deps/zstd-1.5.7/zstddeclib.o:zstddeclib.c:(.text.ZSTD_execSequence+0x170): more undefined references to `memmove' follow
deps/libchdr/deps/zstd-1.5.7/zstddeclib.o: In function `ZSTD_execSequence':
zstddeclib.c:(.text.ZSTD_execSequence+0x26c): undefined reference to `memcpy'
deps/libchdr/deps/zstd-1.5.7/zstddeclib.o: In function `HUF_decodeStreamX2':
zstddeclib.c:(.text.HUF_decodeStreamX2+0xc0): undefined reference to `memcpy'
zstddeclib.c:(.text.HUF_decodeStreamX2+0xfc): undefined reference to `memcpy'
zstddeclib.c:(.text.HUF_decodeStreamX2+0x240): undefined reference to `memcpy'
zstddeclib.c:(.text.HUF_decodeStreamX2+0x320): undefined reference to `memcpy'
deps/libchdr/deps/zstd-1.5.7/zstddeclib.o:zstddeclib.c:(.text.HUF_decompress4X1_usingDTable_internal_default.part.3+0x84): more undefined references to `memcpy' follow
deps/libchdr/deps/zstd-1.5.7/zstddeclib.o: In function `FSE_readNCount_bmi2':
zstddeclib.c:(.text.FSE_readNCount_bmi2+0x9c): undefined reference to `memset'
deps/libchdr/deps/zstd-1.5.7/zstddeclib.o: In function `HUF_readStats_wksp':
zstddeclib.c:(.text.HUF_readStats_wksp+0xc0): undefined reference to `memset'
zstddeclib.c:(.text.HUF_readStats_wksp+0x1d0): undefined reference to `memset'
deps/libchdr/deps/zstd-1.5.7/zstddeclib.o: In function `ZSTD_decompressSequencesSplitLitBuffer_default':
zstddeclib.c:(.text.ZSTD_decompressSequencesSplitLitBuffer_default+0x630): undefined reference to `memmove'
zstddeclib.c:(.text.ZSTD_decompressSequencesSplitLitBuffer_default+0x750): undefined reference to `memmove'
zstddeclib.c:(.text.ZSTD_decompressSequencesSplitLitBuffer_default+0xa58): undefined reference to `memcpy'
zstddeclib.c:(.text.ZSTD_decompressSequencesSplitLitBuffer_default+0xaf0): undefined reference to `memmove'
zstddeclib.c:(.text.ZSTD_decompressSequencesSplitLitBuffer_default+0x1430): undefined reference to `memcpy'
deps/libchdr/deps/zstd-1.5.7/zstddeclib.o: In function `HUF_readDTableX1_wksp':
zstddeclib.c:(.text.HUF_readDTableX1_wksp+0x98): undefined reference to `memcpy'
zstddeclib.c:(.text.HUF_readDTableX1_wksp+0x200): undefined reference to `memset'
zstddeclib.c:(.text.HUF_readDTableX1_wksp+0x228): undefined reference to `memcpy'
deps/libchdr/deps/zstd-1.5.7/zstddeclib.o: In function `HUF_readDTableX2_wksp':
zstddeclib.c:(.text.HUF_readDTableX2_wksp+0x2c): undefined reference to `memcpy'
zstddeclib.c:(.text.HUF_readDTableX2_wksp+0x90): undefined reference to `memset'
zstddeclib.c:(.text.HUF_readDTableX2_wksp+0xa4): undefined reference to `memset'
zstddeclib.c:(.text.HUF_readDTableX2_wksp+0x7a4): undefined reference to `memcpy'
zstddeclib.c:(.text.HUF_readDTableX2_wksp+0x7b4): undefined reference to `memcpy'
zstddeclib.c:(.text.HUF_readDTableX2_wksp+0x7c4): undefined reference to `memcpy'
zstddeclib.c:(.text.HUF_readDTableX2_wksp+0x7d8): undefined reference to `memcpy'
zstddeclib.c:(.text.HUF_readDTableX2_wksp+0x8b8): undefined reference to `memcpy'
deps/libchdr/deps/zstd-1.5.7/zstddeclib.o:zstddeclib.c:(.text.HUF_readDTableX2_wksp+0x8c8): more undefined references to `memcpy' follow
deps/libchdr/deps/zstd-1.5.7/zstddeclib.o: In function `HUF_decompress1X_DCtx_wksp':
zstddeclib.c:(.text.HUF_decompress1X_DCtx_wksp+0xac): undefined reference to `memset'
zstddeclib.c:(.text.HUF_decompress1X_DCtx_wksp+0xc0): undefined reference to `memcpy'
deps/libchdr/deps/zstd-1.5.7/zstddeclib.o: In function `HUF_decompress4X_usingDTable':
zstddeclib.c:(.text.HUF_decompress4X_usingDTable+0x30): undefined reference to `memcpy'
zstddeclib.c:(.text.HUF_decompress4X_usingDTable+0x68): undefined reference to `memcpy'
zstddeclib.c:(.text.HUF_decompress4X_usingDTable+0xa8): undefined reference to `memcpy'
deps/libchdr/deps/zstd-1.5.7/zstddeclib.o: In function `HUF_decompress4X_hufOnly_wksp':
zstddeclib.c:(.text.HUF_decompress4X_hufOnly_wksp+0xac): undefined reference to `memcpy'
deps/libchdr/deps/zstd-1.5.7/zstddeclib.o:zstddeclib.c:(.text.HUF_decompress4X_hufOnly_wksp+0x11c): more undefined references to `memcpy' follow
deps/libchdr/deps/zstd-1.5.7/zstddeclib.o: In function `ZSTD_freeDDict':
zstddeclib.c:(.text.ZSTD_freeDDict+0x58): undefined reference to `free'
zstddeclib.c:(.text.ZSTD_freeDDict+0x60): undefined reference to `free'
deps/libchdr/deps/zstd-1.5.7/zstddeclib.o: In function `ZSTD_createDCtx_advanced':
zstddeclib.c:(.text.ZSTD_createDCtx_advanced+0xdc): undefined reference to `malloc'
deps/libchdr/deps/zstd-1.5.7/zstddeclib.o: In function `ZSTD_createDCtx':
zstddeclib.c:(.text.ZSTD_createDCtx+0xc): undefined reference to `malloc'
deps/libchdr/deps/zstd-1.5.7/zstddeclib.o: In function `ZSTD_freeDCtx':
zstddeclib.c:(.text.ZSTD_freeDCtx+0xe0): undefined reference to `free'
zstddeclib.c:(.text.ZSTD_freeDCtx+0xe8): undefined reference to `free'
zstddeclib.c:(.text.ZSTD_freeDCtx+0x100): undefined reference to `free'
zstddeclib.c:(.text.ZSTD_freeDCtx+0x10c): undefined reference to `free'
deps/libchdr/deps/zstd-1.5.7/zstddeclib.o: In function `ZSTD_copyDCtx':
zstddeclib.c:(.text.ZSTD_copyDCtx+0x4): undefined reference to `memcpy'
deps/libchdr/deps/zstd-1.5.7/zstddeclib.o: In function `ZSTD_getFrameHeader_advanced':
zstddeclib.c:(.text.ZSTD_getFrameHeader_advanced+0x7c): undefined reference to `memset'
zstddeclib.c:(.text.ZSTD_getFrameHeader_advanced+0x100): undefined reference to `memcpy'
zstddeclib.c:(.text.ZSTD_getFrameHeader_advanced+0x124): undefined reference to `memcpy'
zstddeclib.c:(.text.ZSTD_getFrameHeader_advanced+0x2fc): undefined reference to `memset'
deps/libchdr/deps/zstd-1.5.7/zstddeclib.o: In function `ZSTD_decodeFrameHeader':
zstddeclib.c:(.text.ZSTD_decodeFrameHeader+0xe4): undefined reference to `memset'
deps/libchdr/deps/zstd-1.5.7/zstddeclib.o: In function `ZSTD_readSkippableFrame':
zstddeclib.c:(.text.ZSTD_readSkippableFrame+0xe4): undefined reference to `memcpy'
deps/libchdr/deps/zstd-1.5.7/zstddeclib.o: In function `ZSTD_decompressBegin':
zstddeclib.c:(.text.ZSTD_decompressBegin+0x8c): undefined reference to `memcpy'
deps/libchdr/deps/zstd-1.5.7/zstddeclib.o: In function `ZSTD_createDStream':
zstddeclib.c:(.text.ZSTD_createDStream+0xc): undefined reference to `malloc'
deps/libchdr/deps/zstd-1.5.7/zstddeclib.o: In function `ZSTD_createDStream_advanced':
zstddeclib.c:(.text.ZSTD_createDStream_advanced+0xdc): undefined reference to `malloc'
deps/libchdr/deps/zstd-1.5.7/zstddeclib.o: In function `ZSTD_DCtx_refDDict':
zstddeclib.c:(.text.ZSTD_DCtx_refDDict+0xe8): undefined reference to `memset'
zstddeclib.c:(.text.ZSTD_DCtx_refDDict+0x1ac): undefined reference to `memset'
zstddeclib.c:(.text.ZSTD_DCtx_refDDict+0x1d8): undefined reference to `calloc'
zstddeclib.c:(.text.ZSTD_DCtx_refDDict+0x1f4): undefined reference to `free'
zstddeclib.c:(.text.ZSTD_DCtx_refDDict+0x200): undefined reference to `malloc'
zstddeclib.c:(.text.ZSTD_DCtx_refDDict+0x21c): undefined reference to `calloc'
zstddeclib.c:(.text.ZSTD_DCtx_refDDict+0x254): undefined reference to `free'
deps/libchdr/deps/zstd-1.5.7/zstddeclib.o: In function `ZSTD_decodeLiteralsBlock_wrapper':
zstddeclib.c:(.text.ZSTD_decodeLiteralsBlock_wrapper+0x124): undefined reference to `memcpy'
zstddeclib.c:(.text.ZSTD_decodeLiteralsBlock_wrapper+0x3f8): undefined reference to `memset'
zstddeclib.c:(.text.ZSTD_decodeLiteralsBlock_wrapper+0x4a8): undefined reference to `memset'
zstddeclib.c:(.text.ZSTD_decodeLiteralsBlock_wrapper+0x4bc): undefined reference to `memset'
zstddeclib.c:(.text.ZSTD_decodeLiteralsBlock_wrapper+0x4c8): undefined reference to `memcpy'
zstddeclib.c:(.text.ZSTD_decodeLiteralsBlock_wrapper+0x4e0): undefined reference to `memcpy'
zstddeclib.c:(.text.ZSTD_decodeLiteralsBlock_wrapper+0x500): undefined reference to `memcpy'
zstddeclib.c:(.text.ZSTD_decodeLiteralsBlock_wrapper+0x518): undefined reference to `memmove'
deps/libchdr/deps/zstd-1.5.7/zstddeclib.o: In function `ZSTD_buildFSETable':
zstddeclib.c:(.text.ZSTD_buildFSETable+0xcc): undefined reference to `memcpy'
zstddeclib.c:(.text.ZSTD_buildFSETable+0x1e0): undefined reference to `memcpy'
deps/libchdr/deps/zstd-1.5.7/zstddeclib.o: In function `ZSTD_createDDict_advanced':
zstddeclib.c:(.text.ZSTD_createDDict_advanced+0x198): undefined reference to `malloc'
zstddeclib.c:(.text.ZSTD_createDDict_advanced+0x1d8): undefined reference to `memcpy'
zstddeclib.c:(.text.ZSTD_createDDict_advanced+0x20c): undefined reference to `malloc'
deps/libchdr/deps/zstd-1.5.7/zstddeclib.o: In function `ZSTD_initStaticDDict':
zstddeclib.c:(.text.ZSTD_initStaticDDict+0x160): undefined reference to `memcpy'
deps/libchdr/deps/zstd-1.5.7/zstddeclib.o: In function `ZSTD_decompressBlock_internal':
zstddeclib.c:(.text.ZSTD_decompressBlock_internal+0x828): undefined reference to `memmove'
zstddeclib.c:(.text.ZSTD_decompressBlock_internal+0xb40): undefined reference to `memset'
zstddeclib.c:(.text.ZSTD_decompressBlock_internal+0x1198): undefined reference to `memcpy'
zstddeclib.c:(.text.ZSTD_decompressBlock_internal+0x13ec): undefined reference to `memmove'
zstddeclib.c:(.text.ZSTD_decompressBlock_internal+0x1468): undefined reference to `memcpy'
zstddeclib.c:(.text.ZSTD_decompressBlock_internal+0x1c38): undefined reference to `memmove'
zstddeclib.c:(.text.ZSTD_decompressBlock_internal+0x21f0): undefined reference to `memmove'
zstddeclib.c:(.text.ZSTD_decompressBlock_internal+0x24e4): undefined reference to `memmove'
zstddeclib.c:(.text.ZSTD_decompressBlock_internal+0x2670): undefined reference to `memmove'
zstddeclib.c:(.text.ZSTD_decompressBlock_internal+0x2718): undefined reference to `memmove'
deps/libchdr/deps/zstd-1.5.7/zstddeclib.o:zstddeclib.c:(.text.ZSTD_decompressBlock_internal+0x2750): more undefined references to `memmove' follow
deps/libchdr/deps/zstd-1.5.7/zstddeclib.o: In function `ZSTD_decompressBlock_internal':
zstddeclib.c:(.text.ZSTD_decompressBlock_internal+0x2c14): undefined reference to `memcpy'
zstddeclib.c:(.text.ZSTD_decompressBlock_internal+0x2c68): undefined reference to `memcpy'
zstddeclib.c:(.text.ZSTD_decompressBlock_internal+0x2cc0): undefined reference to `memmove'
zstddeclib.c:(.text.ZSTD_decompressBlock_internal+0x2d2c): undefined reference to `memcpy'
zstddeclib.c:(.text.ZSTD_decompressBlock_internal+0x2ed0): undefined reference to `memcpy'
zstddeclib.c:(.text.ZSTD_decompressBlock_internal+0x2f2c): undefined reference to `memset'
zstddeclib.c:(.text.ZSTD_decompressBlock_internal+0x2f44): undefined reference to `memset'
zstddeclib.c:(.text.ZSTD_decompressBlock_internal+0x2f94): undefined reference to `memcpy'
zstddeclib.c:(.text.ZSTD_decompressBlock_internal+0x2fb0): undefined reference to `memcpy'
zstddeclib.c:(.text.ZSTD_decompressBlock_internal+0x2fd0): undefined reference to `memcpy'
zstddeclib.c:(.text.ZSTD_decompressBlock_internal+0x2fe4): undefined reference to `memmove'
deps/libchdr/deps/zstd-1.5.7/zstddeclib.o: In function `ZSTD_decompress_usingDDict':
zstddeclib.c:(.text.ZSTD_decompress_usingDDict+0x63c): undefined reference to `memcpy'
zstddeclib.c:(.text.ZSTD_decompress_usingDDict+0x7c8): undefined reference to `memset'
zstddeclib.c:(.text.ZSTD_decompress_usingDDict+0x818): undefined reference to `memmove'
zstddeclib.c:(.text.ZSTD_decompress_usingDDict+0x83c): undefined reference to `memcpy'
zstddeclib.c:(.text.ZSTD_decompress_usingDDict+0xae4): undefined reference to `memcpy'
deps/libchdr/deps/zstd-1.5.7/zstddeclib.o: In function `ZSTD_decompress':
zstddeclib.c:(.text.ZSTD_decompress+0x20): undefined reference to `malloc'
deps/libchdr/deps/zstd-1.5.7/zstddeclib.o: In function `ZSTD_decompressContinue':
zstddeclib.c:(.text.ZSTD_decompressContinue+0x128): undefined reference to `memcpy'
zstddeclib.c:(.text.ZSTD_decompressContinue+0x238): undefined reference to `memcpy'
zstddeclib.c:(.text.ZSTD_decompressContinue+0x34c): undefined reference to `memcpy'
zstddeclib.c:(.text.ZSTD_decompressContinue+0x388): undefined reference to `memmove'
zstddeclib.c:(.text.ZSTD_decompressContinue+0x478): undefined reference to `memcpy'
zstddeclib.c:(.text.ZSTD_decompressContinue+0x9bc): undefined reference to `memcpy'
zstddeclib.c:(.text.ZSTD_decompressContinue+0xa20): undefined reference to `memset'
zstddeclib.c:(.text.ZSTD_decompressContinue+0xa38): undefined reference to `memcpy'
zstddeclib.c:(.text.ZSTD_decompressContinue+0xae0): undefined reference to `memcpy'
deps/libchdr/deps/zstd-1.5.7/zstddeclib.o: In function `ZSTD_decompressStream':
zstddeclib.c:(.text.ZSTD_decompressStream+0x584): undefined reference to `memcpy'
zstddeclib.c:(.text.ZSTD_decompressStream+0x5dc): undefined reference to `memcpy'
zstddeclib.c:(.text.ZSTD_decompressStream+0x604): undefined reference to `memcpy'
zstddeclib.c:(.text.ZSTD_decompressStream+0xaa8): undefined reference to `malloc'
zstddeclib.c:(.text.ZSTD_decompressStream+0xaf0): undefined reference to `free'
zstddeclib.c:(.text.ZSTD_decompressStream+0xb30): undefined reference to `memcpy'
deps/libchdr/deps/zstd-1.5.7/zstddeclib.o: In function `ZSTD_decompress_usingDict':
zstddeclib.c:(.text.ZSTD_decompress_usingDict+0x268): undefined reference to `memset'
zstddeclib.c:(.text.ZSTD_decompress_usingDict+0x780): undefined reference to `memcpy'
zstddeclib.c:(.text.ZSTD_decompress_usingDict+0x888): undefined reference to `memset'
zstddeclib.c:(.text.ZSTD_decompress_usingDict+0x904): undefined reference to `memmove'
zstddeclib.c:(.text.ZSTD_decompress_usingDict+0x934): undefined reference to `memcpy'
zstddeclib.c:(.text.ZSTD_decompress_usingDict+0xbf0): undefined reference to `memcpy'
deps/libchdr/deps/miniz-3.1.1/miniz.o: In function `miniz_def_free_func':
miniz.c:(.text.miniz_def_free_func+0x4): undefined reference to `free'
deps/libchdr/deps/miniz-3.1.1/miniz.o: In function `miniz_def_alloc_func':
miniz.c:(.text.miniz_def_alloc_func+0x4): undefined reference to `malloc'
deps/libchdr/deps/miniz-3.1.1/miniz.o: In function `mz_free':
miniz.c:(.text.mz_free+0x0): undefined reference to `free'
deps/libchdr/deps/miniz-3.1.1/miniz.o: In function `miniz_def_realloc_func':
miniz.c:(.text.miniz_def_realloc_func+0x8): undefined reference to `realloc'
deps/libchdr/deps/miniz-3.1.1/miniz.o: In function `tinfl_decompress':
miniz.c:(.text.tinfl_decompress+0x1478): undefined reference to `memset'
miniz.c:(.text.tinfl_decompress+0x1488): undefined reference to `memset'
miniz.c:(.text.tinfl_decompress+0x14c0): undefined reference to `memset'
miniz.c:(.text.tinfl_decompress+0x17bc): undefined reference to `memcpy'
miniz.c:(.text.tinfl_decompress+0x1a44): undefined reference to `memset'
miniz.c:(.text.tinfl_decompress+0x1e3c): undefined reference to `memset'
miniz.c:(.text.tinfl_decompress+0x20a4): undefined reference to `memset'
miniz.c:(.text.tinfl_decompress+0x20b4): undefined reference to `memset'
miniz.c:(.text.tinfl_decompress+0x20c8): undefined reference to `memset'
deps/libchdr/deps/miniz-3.1.1/miniz.o:miniz.c:(.text.tinfl_decompress+0x20dc): more undefined references to `memset' follow
deps/libchdr/deps/miniz-3.1.1/miniz.o: In function `tinfl_decompress':
miniz.c:(.text.tinfl_decompress+0x2380): undefined reference to `memcpy'
miniz.c:(.text.tinfl_decompress+0x239c): undefined reference to `memcpy'
deps/libchdr/deps/miniz-3.1.1/miniz.o: In function `mz_inflate':
miniz.c:(.text.mz_inflate+0x1a8): undefined reference to `memcpy'
miniz.c:(.text.mz_inflate+0x330): undefined reference to `memcpy'
deps/libchdr/deps/miniz-3.1.1/miniz.o: In function `tinfl_decompress_mem_to_heap':
miniz.c:(.text.tinfl_decompress_mem_to_heap+0xdc): undefined reference to `realloc'
miniz.c:(.text.tinfl_decompress_mem_to_heap+0x104): undefined reference to `realloc'
miniz.c:(.text.tinfl_decompress_mem_to_heap+0x13c): undefined reference to `free'
deps/libchdr/deps/miniz-3.1.1/miniz.o: In function `tinfl_decompress_mem_to_callback':
miniz.c:(.text.tinfl_decompress_mem_to_callback+0x20): undefined reference to `malloc'
miniz.c:(.text.tinfl_decompress_mem_to_callback+0x34): undefined reference to `memset'
miniz.c:(.text.tinfl_decompress_mem_to_callback+0x118): undefined reference to `free'
deps/libchdr/deps/miniz-3.1.1/miniz.o: In function `tinfl_decompressor_alloc':
miniz.c:(.text.tinfl_decompressor_alloc+0x8): undefined reference to `malloc'
deps/libchdr/deps/miniz-3.1.1/miniz.o: In function `tinfl_decompressor_free':
miniz.c:(.text.tinfl_decompressor_free+0x0): undefined reference to `free'
frontend/libretro.o: In function `init_memcard':
libretro.c:(.text.init_memcard+0x18): undefined reference to `memset'
frontend/libretro.o: In function `update_option_visibility':
libretro.c:(.text.update_option_visibility+0x90): undefined reference to `strcmp'
libretro.c:(.text.update_option_visibility+0xcc): undefined reference to `memcpy'
frontend/libretro.o: In function `get_bios_config_hle':
libretro.c:(.text.get_bios_config_hle+0x5c): undefined reference to `strcmp'
libretro.c:(.text.get_bios_config_hle+0xd0): undefined reference to `strcmp'
libretro.c:(.text.get_bios_config_hle+0xf0): undefined reference to `strcmp'
frontend/libretro.o: In function `save_write':
libretro.c:(.text.save_write+0x20): undefined reference to `memcpy'
frontend/libretro.o: In function `save_read':
libretro.c:(.text.save_read+0x24): undefined reference to `memcpy'
frontend/libretro.o: In function `save_open':
libretro.c:(.text.save_open+0x24): undefined reference to `malloc'
frontend/libretro.o: In function `vout_flip':
libretro.c:(.text.vout_flip+0x144): undefined reference to `memset'
libretro.c:(.text.vout_flip+0x6c8): undefined reference to `memset'
frontend/libretro.o: In function `disk_get_image_label':
libretro.c:(.text.disk_get_image_label+0x6c): undefined reference to `strncpy'
frontend/libretro.o: In function `disk_get_image_path':
libretro.c:(.text.disk_get_image_path+0x68): undefined reference to `strncpy'
frontend/libretro.o: In function `disk_set_initial_image':
libretro.c:(.text.disk_set_initial_image+0x54): undefined reference to `strncpy'
frontend/libretro.o: In function `retro_set_environment':
libretro.c:(.text.retro_set_environment+0x14c): undefined reference to `calloc'
libretro.c:(.text.retro_set_environment+0x248): undefined reference to `calloc'
libretro.c:(.text.retro_set_environment+0x290): undefined reference to `calloc'
libretro.c:(.text.retro_set_environment+0x2a4): undefined reference to `calloc'
libretro.c:(.text.retro_set_environment+0x328): undefined reference to `strcmp'
libretro.c:(.text.retro_set_environment+0x344): undefined reference to `strcmp'
libretro.c:(.text.retro_set_environment+0x358): undefined reference to `strcmp'
libretro.c:(.text.retro_set_environment+0x3c4): undefined reference to `strcmp'
libretro.c:(.text.retro_set_environment+0x3e0): undefined reference to `strlen'
libretro.c:(.text.retro_set_environment+0x410): undefined reference to `strlen'
libretro.c:(.text.retro_set_environment+0x420): undefined reference to `calloc'
libretro.c:(.text.retro_set_environment+0x43c): undefined reference to `memcpy'
libretro.c:(.text.retro_set_environment+0x450): undefined reference to `memcpy'
libretro.c:(.text.retro_set_environment+0x474): undefined reference to `strcpy'
libretro.c:(.text.retro_set_environment+0x4a8): undefined reference to `strlen'
libretro.c:(.text.retro_set_environment+0x4bc): undefined reference to `memcpy'
libretro.c:(.text.retro_set_environment+0x4cc): undefined reference to `strcpy'
libretro.c:(.text.retro_set_environment+0x5a4): undefined reference to `calloc'
libretro.c:(.text.retro_set_environment+0x684): undefined reference to `free'
libretro.c:(.text.retro_set_environment+0x694): undefined reference to `free'
libretro.c:(.text.retro_set_environment+0x6a8): undefined reference to `calloc'
libretro.c:(.text.retro_set_environment+0x6bc): undefined reference to `calloc'
libretro.c:(.text.retro_set_environment+0x71c): undefined reference to `free'
libretro.c:(.text.retro_set_environment+0x730): undefined reference to `free'
libretro.c:(.text.retro_set_environment+0x74c): undefined reference to `free'
libretro.c:(.text.retro_set_environment+0x7ac): undefined reference to `strlen'
libretro.c:(.text.retro_set_environment+0x7d0): undefined reference to `calloc'
libretro.c:(.text.retro_set_environment+0x7e8): undefined reference to `calloc'
libretro.c:(.text.retro_set_environment+0x7fc): undefined reference to `calloc'
frontend/libretro.o: In function `retro_get_system_info':
libretro.c:(.text.retro_get_system_info+0x10): undefined reference to `memset'
frontend/libretro.o: In function `retro_get_system_av_info':
libretro.c:(.text.retro_get_system_av_info+0x34): undefined reference to `memset'
frontend/libretro.o: In function `save_close':
libretro.c:(.text.save_close+0x4c): undefined reference to `free'
libretro.c:(.text.save_close+0x78): undefined reference to `free'
libretro.c:(.text.save_close+0x8c): undefined reference to `memset'
frontend/libretro.o: In function `retro_cheat_set':
libretro.c:(.text.retro_cheat_set+0x14): undefined reference to `strdup'
libretro.c:(.text.retro_cheat_set+0xd4): undefined reference to `free'
libretro.c:(.text.retro_cheat_set+0x108): undefined reference to `free'
frontend/libretro.o: In function `strcasestr':
libretro.c:(.text.strcasestr+0x18): undefined reference to `tolower'
libretro.c:(.text.strcasestr+0x24): undefined reference to `strlen'
libretro.c:(.text.strcasestr+0x44): undefined reference to `tolower'
libretro.c:(.text.strcasestr+0x60): undefined reference to `strncasecmp'
frontend/libretro.o: In function `retro_deinit':
libretro.c:(.text.retro_deinit+0x2c): undefined reference to `free'
libretro.c:(.text.retro_deinit+0x74): undefined reference to `free'
libretro.c:(.text.retro_deinit+0xcc): undefined reference to `free'
libretro.c:(.text.retro_deinit+0xe0): undefined reference to `free'
frontend/libretro.o: In function `SysPrintf':
libretro.c:(.text.SysPrintf+0x24): undefined reference to `vsprintf'
frontend/libretro.o: In function `disk_set_eject_state':
libretro.c:(.text.disk_set_eject_state+0x3c): undefined reference to `time'
frontend/libretro.o: In function `update_variables':
libretro.c:(.text.update_variables+0x90): undefined reference to `strcmp'
libretro.c:(.text.update_variables+0xac): undefined reference to `strcmp'
libretro.c:(.text.update_variables+0xd4): undefined reference to `strcmp'
libretro.c:(.text.update_variables+0x350): undefined reference to `strcmp'
libretro.c:(.text.update_variables+0x3b8): undefined reference to `strtol'
libretro.c:(.text.update_variables+0x410): undefined reference to `strtol'
libretro.c:(.text.update_variables+0x4e0): undefined reference to `strcmp'
libretro.c:(.text.update_variables+0x500): undefined reference to `strcmp'
libretro.c:(.text.update_variables+0x580): undefined reference to `atoi'
libretro.c:(.text.update_variables+0x5f8): undefined reference to `strcmp'
libretro.c:(.text.update_variables+0x618): undefined reference to `strcmp'
libretro.c:(.text.update_variables+0x680): undefined reference to `strcmp'
libretro.c:(.text.update_variables+0x6dc): undefined reference to `strcmp'
libretro.c:(.text.update_variables+0x740): undefined reference to `strcmp'
frontend/libretro.o:libretro.c:(.text.update_variables+0x7a8): more undefined references to `strcmp' follow
frontend/libretro.o: In function `update_variables':
libretro.c:(.text.update_variables+0xae0): undefined reference to `strtol'
libretro.c:(.text.update_variables+0xbc8): undefined reference to `atoi'
libretro.c:(.text.update_variables+0xbdc): undefined reference to `strcmp'
libretro.c:(.text.update_variables+0xc58): undefined reference to `strcmp'
libretro.c:(.text.update_variables+0xc7c): undefined reference to `strcmp'
libretro.c:(.text.update_variables+0xcd4): undefined reference to `strcmp'
libretro.c:(.text.update_variables+0xd3c): undefined reference to `strcmp'
frontend/libretro.o:libretro.c:(.text.update_variables+0xda4): more undefined references to `strcmp' follow
frontend/libretro.o: In function `update_variables':
libretro.c:(.text.update_variables+0x13b0): undefined reference to `atoi'
libretro.c:(.text.update_variables+0x13f8): undefined reference to `atoi'
libretro.c:(.text.update_variables+0x1440): undefined reference to `atoi'
libretro.c:(.text.update_variables+0x1494): undefined reference to `strcmp'
libretro.c:(.text.update_variables+0x14b4): undefined reference to `strcmp'
libretro.c:(.text.update_variables+0x1514): undefined reference to `strcmp'
libretro.c:(.text.update_variables+0x1530): undefined reference to `strcmp'
libretro.c:(.text.update_variables+0x158c): undefined reference to `strcmp'
frontend/libretro.o:libretro.c:(.text.update_variables+0x15ac): more undefined references to `strcmp' follow
frontend/libretro.o: In function `update_variables':
libretro.c:(.text.update_variables+0x16cc): undefined reference to `strtod'
libretro.c:(.text.update_variables+0x1730): undefined reference to `strtod'
libretro.c:(.text.update_variables+0x1790): undefined reference to `atoi'
libretro.c:(.text.update_variables+0x17e0): undefined reference to `atoi'
libretro.c:(.text.update_variables+0x1834): undefined reference to `strtod'
libretro.c:(.text.update_variables+0x1890): undefined reference to `strtod'
libretro.c:(.text.update_variables+0x18ec): undefined reference to `strtod'
libretro.c:(.text.update_variables+0x1938): undefined reference to `strcmp'
libretro.c:(.text.update_variables+0x1984): undefined reference to `strcmp'
libretro.c:(.text.update_variables+0x19a4): undefined reference to `strcmp'
libretro.c:(.text.update_variables+0x19c0): undefined reference to `strcmp'
libretro.c:(.text.update_variables+0x19e0): undefined reference to `strcmp'
frontend/libretro.o:libretro.c:(.text.update_variables+0x1c60): more undefined references to `strcmp' follow
frontend/libretro.o: In function `retro_run':
libretro.c:(.text.retro_run+0x8c): undefined reference to `time'
libretro.c:(.text.retro_run+0x158): undefined reference to `snprintf'
libretro.c:(.text.retro_run+0xa58): undefined reference to `roundf'
libretro.c:(.text.retro_run+0xa70): undefined reference to `roundf'
libretro.c:(.text.retro_run+0x1258): undefined reference to `roundf'
libretro.c:(.text.retro_run+0x12d4): undefined reference to `roundf'
libretro.c:(.text.retro_run+0x1350): undefined reference to `roundf'
libretro.c:(.text.retro_run+0x14cc): undefined reference to `snprintf'
libretro.c:(.text.retro_run+0x1588): undefined reference to `roundf'
libretro.c:(.text.retro_run+0x15d8): undefined reference to `snprintf'
libretro.c:(.text.retro_run+0x17fc): undefined reference to `snprintf'
libretro.c:(.text.retro_run+0x1824): undefined reference to `snprintf'
libretro.c:(.text.retro_run+0x1874): undefined reference to `snprintf'
libretro.c:(.text.retro_run+0x18c4): undefined reference to `snprintf'
frontend/libretro.o: In function `retro_load_game':
libretro.c:(.text.retro_load_game+0x40): undefined reference to `memset'
libretro.c:(.text.retro_load_game+0x25b8): undefined reference to `strcmp'
libretro.c:(.text.retro_load_game+0x2718): undefined reference to `free'
libretro.c:(.text.retro_load_game+0x272c): undefined reference to `free'
libretro.c:(.text.retro_load_game+0x2758): undefined reference to `strncpy'
libretro.c:(.text.retro_load_game+0x2768): undefined reference to `strrchr'
libretro.c:(.text.retro_load_game+0x27ac): undefined reference to `strdup'
libretro.c:(.text.retro_load_game+0x27d4): undefined reference to `strdup'
libretro.c:(.text.retro_load_game+0x2818): undefined reference to `strncmp'
libretro.c:(.text.retro_load_game+0x2990): undefined reference to `fopen64'
libretro.c:(.text.retro_load_game+0x29e4): undefined reference to `fgets'
libretro.c:(.text.retro_load_game+0x2a10): undefined reference to `strchr'
libretro.c:(.text.retro_load_game+0x2a28): undefined reference to `strchr'
libretro.c:(.text.retro_load_game+0x2a74): undefined reference to `snprintf'
libretro.c:(.text.retro_load_game+0x2a84): undefined reference to `strdup'
libretro.c:(.text.retro_load_game+0x2ab8): undefined reference to `strdup'
libretro.c:(.text.retro_load_game+0x2b5c): undefined reference to `fclose'
libretro.c:(.text.retro_load_game+0x2bc0): undefined reference to `strcmp'
libretro.c:(.text.retro_load_game+0x2c4c): undefined reference to `free'
libretro.c:(.text.retro_load_game+0x2c6c): undefined reference to `free'
libretro.c:(.text.retro_load_game+0x2cc4): undefined reference to `snprintf'
libretro.c:(.text.retro_load_game+0x2cd0): undefined reference to `strdup'
libretro.c:(.text.retro_load_game+0x2d00): undefined reference to `memset'
libretro.c:(.text.retro_load_game+0x2d10): undefined reference to `memset'
libretro.c:(.text.retro_load_game+0x2d20): undefined reference to `strdup'
libretro.c:(.text.retro_load_game+0x2d40): undefined reference to `strrchr'
libretro.c:(.text.retro_load_game+0x2d70): undefined reference to `strncpy'
libretro.c:(.text.retro_load_game+0x2d80): undefined reference to `strrchr'
libretro.c:(.text.retro_load_game+0x2e84): undefined reference to `strlen'
libretro.c:(.text.retro_load_game+0x2f34): undefined reference to `snprintf'
libretro.c:(.text.retro_load_game+0x2f68): undefined reference to `strcmp'
libretro.c:(.text.retro_load_game+0x2f7c): undefined reference to `strcmp'
libretro.c:(.text.retro_load_game+0x2fbc): undefined reference to `strcmp'
libretro.c:(.text.retro_load_game+0x302c): undefined reference to `strcmp'
libretro.c:(.text.retro_load_game+0x3068): undefined reference to `snprintf'
libretro.c:(.text.retro_load_game+0x3098): undefined reference to `strrchr'
libretro.c:(.text.retro_load_game+0x30c0): undefined reference to `strncpy'
libretro.c:(.text.retro_load_game+0x30d0): undefined reference to `strrchr'
libretro.c:(.text.retro_load_game+0x314c): undefined reference to `strrchr'
libretro.c:(.text.retro_load_game+0x3170): undefined reference to `strrchr'
libretro.c:(.text.retro_load_game+0x3194): undefined reference to `strncpy'
libretro.c:(.text.retro_load_game+0x31a4): undefined reference to `strrchr'
libretro.c:(.text.retro_load_game+0x3260): undefined reference to `__get_errno_ptr'
libretro.c:(.text.retro_load_game+0x32e4): undefined reference to `strcmp'
libretro.c:(.text.retro_load_game+0x358c): undefined reference to `memset'
libretro.c:(.text.retro_load_game+0x3704): undefined reference to `snprintf'
libretro.c:(.text.retro_load_game+0x370c): undefined reference to `strlen'
libretro.c:(.text.retro_load_game+0x3768): undefined reference to `snprintf'
libretro.c:(.text.retro_load_game+0x3770): undefined reference to `strlen'
libretro.c:(.text.retro_load_game+0x37b8): undefined reference to `snprintf'
libretro.c:(.text.retro_load_game+0x390c): undefined reference to `memcpy'
libretro.c:(.text.retro_load_game+0x3914): undefined reference to `strlen'
libretro.c:(.text.retro_load_game+0x3a44): undefined reference to `snprintf'
libretro.c:(.text.retro_load_game+0x3b9c): undefined reference to `snprintf'
frontend/libretro.o: In function `try_use_bios.isra.12.constprop.16':
libretro.c:(.text.try_use_bios.isra.12.constprop.16+0x14): undefined reference to `strrchr'
libretro.c:(.text.try_use_bios.isra.12.constprop.16+0x3c): undefined reference to `strcmp'
libretro.c:(.text.try_use_bios.isra.12.constprop.16+0x60): undefined reference to `strcmp'
libretro.c:(.text.try_use_bios.isra.12.constprop.16+0x84): undefined reference to `strcmp'
libretro.c:(.text.try_use_bios.isra.12.constprop.16+0x9c): undefined reference to `fopen64'
libretro.c:(.text.try_use_bios.isra.12.constprop.16+0xc8): undefined reference to `free'
libretro.c:(.text.try_use_bios.isra.12.constprop.16+0xd8): undefined reference to `fclose'
libretro.c:(.text.try_use_bios.isra.12.constprop.16+0xfc): undefined reference to `__get_errno_ptr'
libretro.c:(.text.try_use_bios.isra.12.constprop.16+0x130): undefined reference to `fseek'
libretro.c:(.text.try_use_bios.isra.12.constprop.16+0x138): undefined reference to `ftell'
libretro.c:(.text.try_use_bios.isra.12.constprop.16+0x148): undefined reference to `malloc'
libretro.c:(.text.try_use_bios.isra.12.constprop.16+0x160): undefined reference to `fseek'
libretro.c:(.text.try_use_bios.isra.12.constprop.16+0x17c): undefined reference to `fread'
libretro.c:(.text.try_use_bios.isra.12.constprop.16+0x1c8): undefined reference to `memcmp'
libretro.c:(.text.try_use_bios.isra.12.constprop.16+0x1e4): undefined reference to `strncmp'
libretro.c:(.text.try_use_bios.isra.12.constprop.16+0x23c): undefined reference to `memcmp'
libretro.c:(.text.try_use_bios.isra.12.constprop.16+0x258): undefined reference to `memcmp'
libretro.c:(.text.try_use_bios.isra.12.constprop.16+0x2c0): undefined reference to `strdup'
frontend/libretro.o: In function `loadPSXBios':
libretro.c:(.text.loadPSXBios+0xa0): undefined reference to `snprintf'
libretro.c:(.text.loadPSXBios+0xc0): undefined reference to `snprintf'
libretro.c:(.text.loadPSXBios+0x10c): undefined reference to `opendir'
libretro.c:(.text.loadPSXBios+0x130): undefined reference to `readdir64'
libretro.c:(.text.loadPSXBios+0x170): undefined reference to `snprintf'
libretro.c:(.text.loadPSXBios+0x1a8): undefined reference to `closedir'
libretro.c:(.text.loadPSXBios+0x320): undefined reference to `snprintf'
libretro.c:(.text.loadPSXBios+0x370): undefined reference to `snprintf'
libretro.c:(.text.loadPSXBios+0x3c0): undefined reference to `snprintf'
frontend/libretro.o: In function `retro_init':
libretro.c:(.text.retro_init+0x94): undefined reference to `calloc'
libretro.c:(.text.retro_init+0x278): undefined reference to `exit'
frontend/libretro.o: In function `disk_set_image_index':
libretro.c:(.text.disk_set_image_index+0x198): undefined reference to `time'
frontend/libretro.o: In function `disk_replace_image_index.part.11':
libretro.c:(.text.disk_replace_image_index.part.11+0x54): undefined reference to `strdup'
libretro.c:(.text.disk_replace_image_index.part.11+0x74): undefined reference to `strdup'
libretro.c:(.text.disk_replace_image_index.part.11+0xac): undefined reference to `free'
libretro.c:(.text.disk_replace_image_index.part.11+0xbc): undefined reference to `free'
libretro.c:(.text.disk_replace_image_index.part.11+0xd8): undefined reference to `strrchr'
libretro.c:(.text.disk_replace_image_index.part.11+0x100): undefined reference to `strncpy'
libretro.c:(.text.disk_replace_image_index.part.11+0x110): undefined reference to `strrchr'
frontend/libretro.o: In function `SysDLog':
libretro.c:(.text.SysDLog+0x24): undefined reference to `vsprintf'
frontend/pcsxr-threads.o: In function `thread_wrap':
pcsxr-threads.c:(.text.thread_wrap+0x20): undefined reference to `free'
frontend/pcsxr-threads.o: In function `sthread_create_with_priority':
pcsxr-threads.c:(.text.sthread_create_with_priority+0x18): undefined reference to `malloc'
pcsxr-threads.c:(.text.sthread_create_with_priority+0x28): undefined reference to `malloc'
pcsxr-threads.c:(.text.sthread_create_with_priority+0x4c): undefined reference to `pthread_attr_init'
pcsxr-threads.c:(.text.sthread_create_with_priority+0x70): undefined reference to `pthread_create'
pcsxr-threads.c:(.text.sthread_create_with_priority+0x80): undefined reference to `pthread_attr_destroy'
pcsxr-threads.c:(.text.sthread_create_with_priority+0xc8): undefined reference to `pthread_attr_setschedpolicy'
pcsxr-threads.c:(.text.sthread_create_with_priority+0xd4): undefined reference to `pthread_attr_setschedparam'
pcsxr-threads.c:(.text.sthread_create_with_priority+0xec): undefined reference to `pthread_create'
pcsxr-threads.c:(.text.sthread_create_with_priority+0x100): undefined reference to `free'
pcsxr-threads.c:(.text.sthread_create_with_priority+0x108): undefined reference to `free'
pcsxr-threads.c:(.text.sthread_create_with_priority+0x118): undefined reference to `free'
frontend/pcsxr-threads.o: In function `sthread_detach':
pcsxr-threads.c:(.text.sthread_detach+0x14): undefined reference to `pthread_detach'
pcsxr-threads.c:(.text.sthread_detach+0x20): undefined reference to `free'
frontend/pcsxr-threads.o: In function `sthread_join':
pcsxr-threads.c:(.text.sthread_join+0x18): undefined reference to `pthread_join'
pcsxr-threads.c:(.text.sthread_join+0x24): undefined reference to `free'
frontend/pcsxr-threads.o: In function `sthread_isself':
pcsxr-threads.c:(.text.sthread_isself+0x10): undefined reference to `pthread_self'
pcsxr-threads.c:(.text.sthread_isself+0x18): undefined reference to `pthread_equal'
frontend/pcsxr-threads.o: In function `slock_new':
pcsxr-threads.c:(.text.slock_new+0xc): undefined reference to `calloc'
pcsxr-threads.c:(.text.slock_new+0x1c): undefined reference to `pthread_mutex_init'
pcsxr-threads.c:(.text.slock_new+0x30): undefined reference to `free'
frontend/pcsxr-threads.o: In function `slock_free':
pcsxr-threads.c:(.text.slock_free+0x10): undefined reference to `pthread_mutex_destroy'
pcsxr-threads.c:(.text.slock_free+0x1c): undefined reference to `free'
frontend/pcsxr-threads.o: In function `slock_lock':
pcsxr-threads.c:(.text.slock_lock+0x8): undefined reference to `pthread_mutex_lock'
frontend/pcsxr-threads.o: In function `slock_try_lock':
pcsxr-threads.c:(.text.slock_try_lock+0xc): undefined reference to `pthread_mutex_trylock'
frontend/pcsxr-threads.o: In function `slock_unlock':
pcsxr-threads.c:(.text.slock_unlock+0x8): undefined reference to `pthread_mutex_unlock'
frontend/pcsxr-threads.o: In function `scond_new':
pcsxr-threads.c:(.text.scond_new+0xc): undefined reference to `calloc'
pcsxr-threads.c:(.text.scond_new+0x1c): undefined reference to `pthread_cond_init'
pcsxr-threads.c:(.text.scond_new+0x30): undefined reference to `free'
frontend/pcsxr-threads.o: In function `scond_free':
pcsxr-threads.c:(.text.scond_free+0x10): undefined reference to `pthread_cond_destroy'
pcsxr-threads.c:(.text.scond_free+0x1c): undefined reference to `free'
frontend/pcsxr-threads.o: In function `scond_wait':
pcsxr-threads.c:(.text.scond_wait+0x0): undefined reference to `pthread_cond_wait'
frontend/pcsxr-threads.o: In function `scond_broadcast':
pcsxr-threads.c:(.text.scond_broadcast+0x0): undefined reference to `pthread_cond_broadcast'
frontend/pcsxr-threads.o: In function `scond_signal':
pcsxr-threads.c:(.text.scond_signal+0x0): undefined reference to `pthread_cond_signal'
frontend/pcsxr-threads.o: In function `scond_wait_timeout':
pcsxr-threads.c:(.text.scond_wait_timeout+0x20): undefined reference to `clock_gettime'
pcsxr-threads.c:(.text.scond_wait_timeout+0xa8): undefined reference to `pthread_cond_timedwait'
frontend/pcsxr-threads.o: In function `sthread_get_current_thread_id':
pcsxr-threads.c:(.text.sthread_get_current_thread_id+0x0): undefined reference to `pthread_self'
frontend/pcsxr-threads.o: In function `sthread_set_cancel_enable':
pcsxr-threads.c:(.text.sthread_set_cancel_enable+0x10): undefined reference to `pthread_setcancelstate'
frontend/pcsxr-threads.o: In function `sthread_cancel':
pcsxr-threads.c:(.text.sthread_cancel+0x10): undefined reference to `pthread_cancel'
deps/libretro-common/features/features_cpu.o: In function `cpu_features_get_perf_counter':
features_cpu.c:(.text.cpu_features_get_perf_counter+0x10): undefined reference to `clock_gettime'
deps/libretro-common/features/features_cpu.o: In function `cpu_features_get_time_usec':
features_cpu.c:(.text.cpu_features_get_time_usec+0x1c): undefined reference to `clock_gettime'
deps/libretro-common/features/features_cpu.o: In function `cpu_features_get_core_amount':
features_cpu.c:(.text.cpu_features_get_core_amount+0x8): undefined reference to `sysconf'
frontend/main.o: In function `parse_cwcheat':
main.c:(.text.parse_cwcheat+0x1c): undefined reference to `fopen64'
main.c:(.text.parse_cwcheat+0x48): undefined reference to `fgets'
main.c:(.text.parse_cwcheat+0x60): undefined reference to `sscanf'
main.c:(.text.parse_cwcheat+0xf4): undefined reference to `feof'
main.c:(.text.parse_cwcheat+0x104): undefined reference to `fclose'
main.c:(.text.parse_cwcheat+0x17c): undefined reference to `fgets'
main.c:(.text.parse_cwcheat+0x18c): undefined reference to `strlen'
main.c:(.text.parse_cwcheat+0x22c): undefined reference to `strncmp'
main.c:(.text.parse_cwcheat+0x244): undefined reference to `strncmp'
main.c:(.text.parse_cwcheat+0x25c): undefined reference to `strncmp'
main.c:(.text.parse_cwcheat+0x2b4): undefined reference to `snprintf'
main.c:(.text.parse_cwcheat+0x2e4): undefined reference to `sscanf'
main.c:(.text.parse_cwcheat+0x3c0): undefined reference to `free'
main.c:(.text.parse_cwcheat+0x410): undefined reference to `realloc'
main.c:(.text.parse_cwcheat+0x44c): undefined reference to `strdup'
main.c:(.text.parse_cwcheat+0x4a4): undefined reference to `realloc'
frontend/main.o: In function `emu_on_new_cd':
main.c:(.text.emu_on_new_cd+0x60): undefined reference to `memcpy'
main.c:(.text.emu_on_new_cd+0xbc): undefined reference to `memcpy'
frontend/main.o: In function `emu_core_preinit':
main.c:(.text.emu_core_preinit+0x20): undefined reference to `memcpy'
main.c:(.text.emu_core_preinit+0x40): undefined reference to `memset'
frontend/main.o: In function `SysMessage':
main.c:(.text.SysMessage+0x28): undefined reference to `vsnprintf'
frontend/main.o: In function `SysLoadLibrary':
main.c:(.text.SysLoadLibrary+0xc): undefined reference to `strrchr'
main.c:(.text.SysLoadLibrary+0x3c): undefined reference to `strcmp'
main.c:(.text.SysLoadLibrary+0x54): undefined reference to `strcmp'
main.c:(.text.SysLoadLibrary+0x68): undefined reference to `dlopen'
main.c:(.text.SysLoadLibrary+0x98): undefined reference to `dlerror'
frontend/main.o: In function `SysLoadSym':
main.c:(.text.SysLoadSym+0x10): undefined reference to `dlsym'
frontend/main.o: In function `SysLibError':
main.c:(.text.SysLibError+0x0): undefined reference to `dlerror'
frontend/main.o: In function `SysCloseLibrary':
main.c:(.text.SysCloseLibrary+0x10): undefined reference to `dlclose'
frontend/plugin.o: In function `plugin_link':
plugin.c:(.text.plugin_link+0x44): undefined reference to `strcmp'
collect2: error: ld returned 1 exit status
make: *** [pcsx_rearmed_libretro_qnx.so] Error 1
/bin/sh: 1: git: not found
TARGET:      pcsx_rearmed_libretro_qnx.so
platform:    qnx
ARCH:        arm
DYNAREC:     ari64
BUILTIN_GPU: neon
NEON_ASM:    1
CC:          arm-unknown-nto-qnx6.5.0eabi-gcc : arm-unknown-nto-qnx6.5.0eabi-gcc (GCC) 4.9.4
CFLAGS:       -D__BLACKBERRY_QNX__ -marm -mcpu=cortex-a9 -mtune=cortex-a9 -mfpu=neon -mfloat-abi=softfp -fno-tree-vectorize -DDR_FLAC_NO_SIMD -fPIC -D_FILE_OFFSET_BITS=64 
MAIN_LDLIBS: -lsocket -lm -lc    

/bin/sh: 1: git: not found
arm-unknown-nto-qnx6.5.0eabi-gcc  -D__BLACKBERRY_QNX__ -marm -mcpu=cortex-a9 -mtune=cortex-a9 -mfpu=neon -mfloat-abi=softfp -fno-tree-vectorize -DDR_FLAC_NO_SIMD -fPIC -D_FILE_OFFSET_BITS=64  -Wall -Iinclude -ffast-math -Ofast -DNDEBUG -ffunction-sections -fdata-sections -DP_HAVE_MMAP=1 -DP_HAVE_POSIX_MEMALIGN=1 -DDISABLE_MEM_LUTS=0 -DGPU_NEON -DHAVE_CHD -Ideps/libchdr/include -Ideps/libchdr/deps/miniz-3.1.1 -DUSE_MINIZ -DHAVE_LIBRETRO -Ideps/libretro-common/include -DNO_FRONTEND  -o pcsx_rearmed_libretro_qnx.so libpcsxcore/cdriso.o libpcsxcore/cdrom.o libpcsxcore/cdrom-async.o libpcsxcore/cheat.o libpcsxcore/database.o libpcsxcore/decode_xa.o libpcsxcore/mdec.o libpcsxcore/misc.o libpcsxcore/plugins.o libpcsxcore/ppf.o libpcsxcore/psxbios.o libpcsxcore/psxcommon.o libpcsxcore/psxcounters.o libpcsxcore/psxdma.o libpcsxcore/psxhw.o libpcsxcore/psxinterpreter.o libpcsxcore/psxmem.o libpcsxcore/psxevents.o libpcsxcore/r3000a.o libpcsxcore/sio.o libpcsxcore/spu.o libpcsxcore/gpu.o libpcsxcore/pad.o libpcsxcore/gte.o libpcsxcore/gte_nf.o libpcsxcore/gte_divider.o libpcsxcore/gte_arm.o libpcsxcore/gte_nf_arm.o libpcsxcore/gte_neon.o libpcsxcore/gte_nf_neon.o libpcsxcore/new_dynarec/new_dynarec.o libpcsxcore/new_dynarec/pcsxmem.o libpcsxcore/new_dynarec/linkage_arm.o libpcsxcore/new_dynarec/emu_if.o plugins/dfsound/dma.o plugins/dfsound/freeze.o plugins/dfsound/registers.o plugins/dfsound/spu.o plugins/dfsound/out.o plugins/dfsound/nullsnd.o plugins/dfsound/arm_utils.o plugins/gpulib/gpu.o plugins/gpulib/vout_pl.o plugins/gpulib/prim.o plugins/gpulib/gpu_async.o plugins/gpu_neon/psx_gpu_if.o plugins/gpu_neon/psx_gpu/psx_gpu_arm_neon.o deps/libchdr/src/libchdr_bitstream.o deps/libchdr/src/libchdr_cdrom.o deps/libchdr/src/libchdr_chd.o deps/libchdr/src/libchdr_codec_cdfl.o deps/libchdr/src/libchdr_codec_cdlz.o deps/libchdr/src/libchdr_codec_cdzl.o deps/libchdr/src/libchdr_codec_cdzs.o deps/libchdr/src/libchdr_codec_flac.o deps/libchdr/src/libchdr_codec_huff.o deps/libchdr/src/libchdr_codec_lzma.o deps/libchdr/src/libchdr_codec_zlib.o deps/libchdr/src/libchdr_codec_zstd.o deps/libchdr/src/libchdr_flac.o deps/libchdr/src/libchdr_huffman.o deps/libchdr/deps/lzma-25.01/src/LzmaDec.o deps/libchdr/deps/zstd-1.5.7/zstddeclib.o deps/libchdr/deps/miniz-3.1.1/miniz.o frontend/cspace.o frontend/cspace_neon.o frontend/libretro.o frontend/pcsxr-threads.o deps/libretro-common/features/features_cpu.o frontend/main.o frontend/plugin.o -shared -Wl,-version-script=frontend/libretro-version-script -Wl,--no-undefined -Wl,--gc-sections -lsocket -lm -lc     
